0.00,50.10,0.00
0.08,50.56,0.00
0.17,51.01,0.00
0.25,51.48,0.00
0.33,51.95,0.00
0.42,52.42,0.00
0.50,52.89,0.00
0.58,53.34,0.00
0.67,53.73,0.00
0.75,54.13,0.00
0.83,54.47,0.00
0.92,54.80,0.01
1.00,55.10,0.00
1.09,55.40,0.01
1.17,55.70,0.01
1.25,56.00,0.01
1.34,56.31,0.01
1.42,56.60,0.01
1.50,56.90,0.01
1.59,57.17,0.01
1.67,57.44,0.01
1.75,57.72,0.01
1.84,57.99,0.01
1.92,58.26,0.01
2.00,58.53,0.01
2.09,58.80,0.01
2.17,59.09,0.01
2.25,59.39,0.01
2.34,59.67,0.01
2.42,59.95,0.01
2.50,60.23,0.01
2.59,60.51,0.01
2.67,60.80,0.01
2.75,61.10,0.01
2.84,61.39,0.01
2.92,61.67,0.02
3.00,61.95,0.01
3.09,62.20,0.01
3.17,62.44,0.01
3.26,62.69,0.01
3.34,62.94,0.01
3.42,63.21,0.01
3.51,63.51,0.02
3.59,63.80,0.01
3.67,64.11,0.01
3.76,64.42,0.01
3.84,64.70,0.02
3.92,64.98,0.02
4.01,65.25,0.02
4.09,65.53,0.02
4.17,65.81,0.02
4.26,66.11,0.02
4.34,66.40,0.02
4.42,66.68,0.02
4.51,66.96,0.02
4.59,67.26,0.02
4.67,67.55,0.02
4.76,67.84,0.02
4.84,68.12,0.02
4.92,68.40,0.02
5.01,68.68,0.02
5.09,68.96,0.02
5.18,69.26,0.02
5.26,69.57,0.02
5.34,69.88,0.02
5.43,70.19,0.02
5.51,70.51,0.02
5.59,70.82,0.03
5.68,71.12,0.02
5.76,71.42,0.02
5.84,71.73,0.02
5.93,72.02,0.02
6.01,72.32,0.02
6.09,72.60,0.03
6.18,72.87,0.03
6.26,73.15,0.03
6.34,73.42,0.03
6.43,73.70,0.03
6.51,74.00,0.03
6.59,74.29,0.03
6.68,74.59,0.03
6.76,74.89,0.03
6.84,75.18,0.03
6.93,75.47,0.03
7.01,75.73,0.03
7.10,75.99,0.03
7.18,76.25,0.03
7.26,76.53,0.03
7.35,76.80,0.03
7.43,77.08,0.03
7.51,77.36,0.03
7.60,77.61,0.03
7.68,77.86,0.03
7.76,78.10,0.03
7.85,78.34,0.03
7.93,78.58,0.03
8.01,78.84,0.03
8.10,79.09,0.04
8.18,79.32,0.03
8.26,79.56,0.03
8.35,79.81,0.03
8.43,80.06,0.03
8.51,80.31,0.04
8.60,80.56,0.03
8.68,80.81,0.03
8.76,81.05,0.04
8.85,81.29,0.03
8.93,81.53,0.03
9.01,81.76,0.04
9.10,81.97,0.03
9.18,82.18,0.03
9.27,82.37,0.04
9.35,82.54,0.03
9.43,82.72,0.03
9.52,82.91,0.04
9.60,83.10,0.04
9.68,83.26,0.04
9.77,83.42,0.04
9.85,83.52,0.04
9.93,83.59,0.04
10.02,83.63,0.04
10.10,83.65,0.04
10.18,83.68,0.04
10.27,83.70,0.04
10.35,83.73,0.04
10.43,83.77,0.04
10.52,83.80,0.04
10.60,83.83,0.04
10.68,83.86,0.04
10.77,83.89,0.04
10.85,83.92,0.04
10.93,83.96,0.04
11.02,83.99,0.04
11.10,84.02,0.04
11.19,84.05,0.04
11.27,84.07,0.04
11.35,84.10,0.04
11.44,84.13,0.04
11.52,84.15,0.03
11.60,84.17,0.04
11.69,84.19,0.04
11.77,84.21,0.04
11.85,84.23,0.03
11.94,84.25,0.04
12.02,84.27,0.04
12.10,84.28,0.04
12.19,84.30,0.03
12.27,84.31,0.04
12.35,84.31,0.04
12.44,84.31,0.04
12.52,84.32,0.04
12.60,84.32,0.04
12.69,84.32,0.04
12.77,84.33,0.04
12.85,84.34,0.04
12.94,84.35,0.04
13.02,84.35,0.04
13.11,84.34,0.04
13.19,84.34,0.04
13.27,84.34,0.04
13.36,84.34,0.04
13.44,84.35,0.04
13.52,84.37,0.04
13.61,84.36,0.03
13.69,84.35,0.04
13.77,84.35,0.03
13.86,84.35,0.03
13.94,84.35,0.03
14.02,84.35,0.04
14.11,84.35,0.04
14.19,84.35,0.04
14.27,84.36,0.04
14.36,84.36,0.04
14.44,84.36,0.03
14.52,84.36,0.04
14.61,84.36,0.04
14.69,84.36,0.04
14.77,84.36,0.04
14.86,84.36,0.04
14.94,84.36,0.04
15.02,84.37,0.03
15.11,84.37,0.04
15.19,84.38,0.04
15.28,84.38,0.04
15.36,84.38,0.03
15.44,84.38,0.03
15.53,84.39,0.03
15.61,84.39,0.04
15.69,84.39,0.04
15.78,84.40,0.03
15.86,84.41,0.03
15.94,84.42,0.04
16.03,84.43,0.04
16.11,84.44,0.04
16.19,84.45,0.04
16.28,84.48,0.04
16.36,84.51,0.04
16.44,84.57,0.03
16.53,84.64,0.03
16.61,84.70,0.04
16.69,84.77,0.04
16.78,84.82,0.04
16.86,84.84,0.04
16.94,84.86,0.04
17.03,84.86,0.04
17.11,84.86,0.04
17.20,84.86,0.04
17.28,84.86,0.03
17.36,84.86,0.04
17.45,84.86,0.04
17.53,84.86,0.04
17.61,84.87,0.04
17.70,84.87,0.04
17.78,84.87,0.04
17.86,84.87,0.03
17.95,84.87,0.04
18.03,84.86,0.04
18.11,84.86,0.03
18.20,84.87,0.04
18.28,84.87,0.04
18.36,84.87,0.04
18.45,84.87,0.04
18.53,84.87,0.04
18.61,84.86,0.04
18.70,84.86,0.04
18.78,84.86,0.04
18.86,84.86,0.04
18.95,84.85,0.04
19.03,84.85,0.04
19.12,84.85,0.03
19.20,84.85,0.03
19.28,84.84,0.03
19.37,84.83,0.04
19.45,84.83,0.03
19.53,84.82,0.04
19.62,84.82,0.04
19.70,84.81,0.03
19.78,84.81,0.03
19.87,84.81,0.03
19.95,84.81,0.03
20.03,84.81,0.03
20.12,84.80,0.03
20.20,84.80,0.04
20.28,84.80,0.04
20.37,84.80,0.03
20.45,84.81,0.03
20.53,84.81,0.03
20.62,84.81,0.03
20.70,84.81,0.04
20.78,84.81,0.04
20.87,84.82,0.03
20.95,84.82,0.04
21.03,84.81,0.04
21.12,84.81,0.03
21.20,84.80,0.03
21.29,84.80,0.03
21.37,84.79,0.04
21.45,84.79,0.03
21.54,84.79,0.04
21.62,84.78,0.04
21.70,84.78,0.03
21.79,84.79,0.03
21.87,84.79,0.04
21.95,84.78,0.03
22.04,84.78,0.03
22.12,84.79,0.03
22.20,84.80,0.04
22.29,84.80,0.04
22.37,84.79,0.04
22.45,84.79,0.04
22.54,84.78,0.04
22.62,84.78,0.04
22.70,84.79,0.03
22.79,84.80,0.04
22.87,84.81,0.04
22.95,84.81,0.04
23.04,84.81,0.03
23.12,84.82,0.03
23.21,84.82,0.03
23.29,84.83,0.03
23.37,84.83,0.03
23.46,84.84,0.03
23.54,84.84,0.03
23.62,84.83,0.03
23.71,84.83,0.03
23.79,84.84,0.03
23.87,84.85,0.03
23.96,84.85,0.03
24.04,84.85,0.04
24.12,84.85,0.04
24.21,84.84,0.03
24.29,84.84,0.03
24.37,84.84,0.03
24.46,84.84,0.03
24.54,84.84,0.04
24.62,84.83,0.04
24.71,84.82,0.04
24.79,84.81,0.04
24.87,84.81,0.03
24.96,84.81,0.03
25.04,84.81,0.03
25.12,84.81,0.03
25.21,84.81,0.03
25.29,84.80,0.04
25.38,84.79,0.03
25.46,84.79,0.03
25.54,84.78,0.03
25.63,84.78,0.03
25.71,84.77,0.03
25.79,84.77,0.03
25.88,84.76,0.03
25.96,84.75,0.04
26.04,84.75,0.03
26.13,84.75,0.03
26.21,84.75,0.03
26.29,84.75,0.04
26.38,84.75,0.03
26.46,84.75,0.04
26.54,84.75,0.03
26.63,84.75,0.03
26.71,84.75,0.03
26.79,84.76,0.03
26.88,84.77,0.04
26.96,84.77,0.04
27.04,84.76,0.03
27.13,84.76,0.03
27.21,84.75,0.04
27.30,84.75,0.03
27.38,84.75,0.03
27.46,84.75,0.03
27.55,84.75,0.03
27.63,84.74,0.03
27.71,84.74,0.03
27.80,84.73,0.03
27.88,84.73,0.03
27.96,84.72,0.03
28.05,84.72,0.03
28.13,84.72,0.03
28.21,84.72,0.03
28.30,84.73,0.04
28.38,84.74,0.03
28.46,84.75,0.03
28.55,84.75,0.04
28.63,84.76,0.03
28.71,84.76,0.04
28.80,84.76,0.03
28.88,84.78,0.03
28.96,84.80,0.03
29.05,84.81,0.03
29.13,84.82,0.04
29.22,84.84,0.03
29.30,84.84,0.03
29.38,84.85,0.03
29.47,84.86,0.03
29.55,84.87,0.03
29.63,84.88,0.03
29.72,84.89,0.03
29.80,84.90,0.04
29.88,84.91,0.03
29.97,84.93,0.03
30.05,84.96,0.03
30.13,84.98,0.03
30.22,85.01,0.03
30.30,85.04,0.03
30.38,85.08,0.03
30.47,85.12,0.03
30.55,85.15,0.03
30.63,85.17,0.03
30.72,85.19,0.04
30.80,85.19,0.03
30.88,85.20,0.03
30.97,85.21,0.03
31.05,85.21,0.03
31.13,85.21,0.03
31.22,85.21,0.03
31.30,85.21,0.03
31.39,85.22,0.03
31.47,85.22,0.03
31.55,85.23,0.03
31.64,85.23,0.03
31.72,85.23,0.03
31.80,85.23,0.04
31.89,85.23,0.04
31.97,85.23,0.04
32.05,85.23,0.04
32.14,85.24,0.03
32.22,85.24,0.04
32.30,85.25,0.04
32.39,85.25,0.04
32.47,85.24,0.04
32.55,85.23,0.04
32.64,85.23,0.04
32.72,85.22,0.04
32.80,85.22,0.03
32.89,85.23,0.03
32.97,85.23,0.04
33.05,85.24,0.04
33.14,85.24,0.03
33.22,85.24,0.03
33.31,85.24,0.04
33.39,85.24,0.04
33.47,85.24,0.03
33.56,85.24,0.03
33.64,85.25,0.03
33.72,85.25,0.03
33.81,85.26,0.03
33.89,85.26,0.04
33.97,85.27,0.03
34.06,85.27,0.03
34.14,85.29,0.04
34.22,85.31,0.03
34.31,85.33,0.04
34.39,85.36,0.03
34.47,85.39,0.04
34.56,85.42,0.04
34.64,85.46,0.04
34.72,85.51,0.03
34.81,85.56,0.04
34.89,85.60,0.04
34.97,85.64,0.03
35.06,85.70,0.04
35.14,85.76,0.03
35.23,85.83,0.03
35.31,85.91,0.04
35.39,85.99,0.03
35.48,86.07,0.04
35.56,86.16,0.03
35.64,86.25,0.03
35.73,86.35,0.04
35.81,86.47,0.03
35.89,86.58,0.04
35.98,86.71,0.03
36.06,86.85,0.04
36.14,86.99,0.04
36.23,87.13,0.04
36.31,87.27,0.04
36.39,87.41,0.04
36.48,87.55,0.04
36.56,87.67,0.04
36.64,87.78,0.04
36.73,87.87,0.04
36.81,87.94,0.04
36.89,88.01,0.04
36.98,88.06,0.04
37.06,88.11,0.04
37.14,88.14,0.04
37.23,88.18,0.04
37.31,88.21,0.04
37.40,88.23,0.04
37.48,88.26,0.04
37.56,88.29,0.04
37.65,88.31,0.04
37.73,88.34,0.04
37.81,88.37,0.04
37.90,88.39,0.04
37.98,88.41,0.04
38.06,88.44,0.04
38.15,88.47,0.04
38.23,88.51,0.04
38.31,88.56,0.04
38.40,88.62,0.04
38.48,88.75,0.04
38.56,88.88,0.04
38.65,89.21,0.04
38.73,89.56,0.04
38.81,90.05,0.04
38.90,90.61,0.04
38.98,91.18,0.04
39.06,91.78,0.04
39.15,92.37,0.04
39.23,92.93,0.04
39.32,93.50,0.05
39.40,94.05,0.05
39.48,94.59,0.04
39.57,95.12,0.05
39.65,95.64,0.05
39.73,96.16,0.05
39.82,96.68,0.05
39.90,97.20,0.05
39.98,97.72,0.05
40.07,98.24,0.05
40.15,98.74,0.05
40.23,99.24,0.05
40.32,99.73,0.05
40.40,100.20,0.06
40.48,100.66,0.06
40.57,101.10,0.06
40.65,101.54,0.06
40.73,101.99,0.06
40.82,102.43,0.06
40.90,102.95,0.06
40.98,103.48,0.06
41.07,103.99,0.06
41.15,104.48,0.06
41.24,104.95,0.06
41.32,105.39,0.06
41.40,105.84,0.06
41.49,106.28,0.06
41.57,106.72,0.06
41.65,107.21,0.06
41.74,107.69,0.06
41.82,108.16,0.06
41.90,108.60,0.06
41.99,109.06,0.06
42.07,109.55,0.06
42.15,110.03,0.06
42.24,110.52,0.07
42.32,111.01,0.07
42.40,111.50,0.07
42.49,111.99,0.07
42.57,112.45,0.07
42.65,112.89,0.07
42.74,113.35,0.07
42.82,113.84,0.07
42.90,114.33,0.07
42.99,114.86,0.07
43.07,115.39,0.07
43.15,115.89,0.07
43.24,116.38,0.07
43.32,116.87,0.07
43.41,117.35,0.07
43.49,117.83,0.07
43.57,118.27,0.07
43.66,118.72,0.07
43.74,119.20,0.07
43.82,119.69,0.07
43.91,120.22,0.08
43.99,120.75,0.08
44.07,121.26,0.08
44.16,121.74,0.08
44.24,122.22,0.08
44.32,122.66,0.08
44.41,123.11,0.08
44.49,123.60,0.08
44.57,124.08,0.08
44.66,124.61,0.08
44.74,125.14,0.08
44.82,125.63,0.08
44.91,126.07,0.08
44.99,126.52,0.08
45.07,127.01,0.08
45.16,127.50,0.08
45.24,127.99,0.08
45.33,128.48,0.09
45.41,128.96,0.08
45.49,129.45,0.09
45.58,129.94,0.09
45.66,130.43,0.09
45.74,130.93,0.09
45.83,131.46,0.09
45.91,131.99,0.09
45.99,132.48,0.09
46.08,132.97,0.09
46.16,133.49,0.09
46.24,134.02,0.09
46.33,134.55,0.09
46.41,135.09,0.09
46.49,135.61,0.09
46.58,136.10,0.09
46.66,136.58,0.10
46.74,137.07,0.09
46.83,137.56,0.09
46.91,138.05,0.09
46.99,138.54,0.09
47.08,139.07,0.10
47.16,139.64,0.10
47.25,140.21,0.10
47.33,140.74,0.10
47.41,141.27,0.10
47.50,141.81,0.10
47.58,142.34,0.10
47.66,142.87,0.10
47.75,143.40,0.10
47.83,143.96,0.10
47.91,144.53,0.11
48.00,145.10,0.10
48.08,145.63,0.11
48.16,146.17,0.10
48.25,146.70,0.11
48.33,147.23,0.11
48.41,147.79,0.11
48.50,148.37,0.11
48.58,148.95,0.11
48.66,149.52,0.11
48.75,150.11,0.11
48.83,150.73,0.11
48.91,151.35,0.11
49.00,151.93,0.11
49.08,152.51,0.11
49.16,153.11,0.11
49.25,153.73,0.12
49.33,154.37,0.12
49.42,155.04,0.12
49.50,155.69,0.12
49.58,156.27,0.12
49.67,156.84,0.12
49.75,157.42,0.12
49.83,158.00,0.12
49.92,158.57,0.12
50.00,159.15,0.12
50.08,159.76,0.12
50.17,160.43,0.12
50.25,161.09,0.13
50.33,161.71,0.13
50.42,162.33,0.13
50.50,162.91,0.13
50.58,163.49,0.13
50.67,164.09,0.13
50.75,164.71,0.13
50.83,165.33,0.13
50.92,165.96,0.13
51.00,166.57,0.13
51.08,167.15,0.13
51.17,167.72,0.13
51.25,168.34,0.13
51.34,168.96,0.14
51.42,169.58,0.14
51.50,170.20,0.14
51.59,170.82,0.14
51.67,171.44,0.14
51.75,172.07,0.14
51.84,172.69,0.14
51.92,173.31,0.14
52.00,173.93,0.14
52.09,174.55,0.15
52.17,175.17,0.15
52.25,175.79,0.15
52.34,176.43,0.15
52.42,177.09,0.15
52.50,177.76,0.15
52.59,178.42,0.15
52.67,179.09,0.15
52.75,179.68,0.15
52.84,180.26,0.15
52.92,180.84,0.15
53.00,181.41,0.15
53.09,182.02,0.16
53.17,182.68,0.15
53.25,183.35,0.16
53.34,184.01,0.15
53.42,184.68,0.16
53.51,185.31,0.16
53.59,185.93,0.16
53.67,186.55,0.16
53.76,187.17,0.16
53.84,187.79,0.16
53.92,188.41,0.16
54.01,189.04,0.17
54.09,189.70,0.17
54.17,190.37,0.17
54.26,190.96,0.17
54.34,191.54,0.17
54.42,192.14,0.17
54.51,192.76,0.17
54.59,193.38,0.17
54.67,194.00,0.18
54.76,194.62,0.18
54.84,195.25,0.18
54.92,195.87,0.18
55.01,196.49,0.18
55.09,197.11,0.18
55.17,197.73,0.18
55.26,198.35,0.18
55.34,198.97,0.19
55.43,199.59,0.18
55.51,200.21,0.18
55.59,200.84,0.19
55.68,201.46,0.19
55.76,202.01,0.19
55.84,202.54,0.19
55.93,203.07,0.19
56.01,203.61,0.19
56.09,204.15,0.19
56.18,204.73,0.19
56.26,205.30,0.19
56.34,205.93,0.20
56.43,206.55,0.20
56.51,207.13,0.20
56.59,207.71,0.20
56.68,208.29,0.20
56.76,208.86,0.20
56.84,209.44,0.20
56.93,210.02,0.21
57.01,210.59,0.21
57.09,211.26,0.21
57.18,211.92,0.21
57.26,212.52,0.21
57.35,213.10,0.21
57.43,213.68,0.22
57.51,214.25,0.22
57.60,214.84,0.22
57.68,215.46,0.22
57.76,216.08,0.22
57.85,216.70,0.22
57.93,217.33,0.22
58.01,217.91,0.22
58.10,218.49,0.22
58.18,219.09,0.23
58.26,219.71,0.23
58.35,220.32,0.23
58.43,220.90,0.23
58.51,221.48,0.23
58.60,222.09,0.24
58.68,222.71,0.24
58.76,223.27,0.24
58.85,223.81,0.24
58.93,224.34,0.24
59.01,224.87,0.25
59.10,225.41,0.25
59.18,225.99,0.25
59.26,226.56,0.25
59.35,227.14,0.25
59.43,227.72,0.25
59.52,228.27,0.25
59.60,228.80,0.26
59.68,229.31,0.26
59.77,229.80,0.26
59.85,230.29,0.27
59.93,230.77,0.27
60.02,231.26,0.27
60.10,231.79,0.27
60.18,232.32,0.27
60.27,232.83,0.28
60.35,233.31,0.28
60.43,233.80,0.28
60.52,234.29,0.28
60.60,234.76,0.29
60.68,235.16,0.29
60.77,235.56,0.29
60.85,236.00,0.30
60.93,236.45,0.30
61.02,236.92,0.30
61.10,237.41,0.31
61.18,237.86,0.31
61.27,238.26,0.31
61.35,238.66,0.32
61.44,239.11,0.32
61.52,239.55,0.32
61.60,239.92,0.33
61.69,240.27,0.33
61.77,240.63,0.34
61.85,240.98,0.34
61.94,241.34,0.34
62.02,241.69,0.35
62.10,242.04,0.36
62.19,242.40,0.36
62.27,242.75,0.36
62.35,243.15,0.37
62.44,243.55,0.37
62.52,243.89,0.37
62.60,244.20,0.38
62.69,244.50,0.39
62.77,244.76,0.39
62.85,245.02,0.39
62.94,245.25,0.40
63.02,245.47,0.41
63.10,245.80,0.41
63.19,246.16,0.41
63.27,246.49,0.42
63.36,246.80,0.42
63.44,247.09,0.43
63.52,247.36,0.44
63.61,247.62,0.45
63.69,247.79,0.45
63.77,247.97,0.46
63.86,248.22,0.46
63.94,248.49,0.47
64.02,248.78,0.48
64.11,249.09,0.48
64.19,249.37,0.49
64.27,249.60,0.49
64.36,249.82,0.50
64.44,250.09,0.51
64.52,250.35,0.51
64.61,250.58,0.52
64.69,250.80,0.53
64.77,251.03,0.54
64.86,251.25,0.54
64.94,251.46,0.55
65.02,251.63,0.56
65.11,251.81,0.56
65.19,251.94,0.57
65.27,252.07,0.58
65.36,252.28,0.59
65.44,252.50,0.59
65.53,252.75,0.60
65.61,253.01,0.60
65.69,253.27,0.62
65.78,253.49,0.62
65.86,253.71,0.63
65.94,253.93,0.64
66.03,254.15,0.64
66.11,254.41,0.65
66.19,254.68,0.65
66.28,254.99,0.66
66.36,255.34,0.67
66.44,255.65,0.68
66.53,255.83,0.68
66.61,256.00,0.69
66.69,256.18,0.70
66.78,256.36,0.71
66.86,256.47,0.71
66.94,256.56,0.72
67.03,256.60,0.73
67.11,256.60,0.74
67.19,256.61,0.75
67.28,256.66,0.75
67.36,256.70,0.76
67.45,256.92,0.77
67.53,257.15,0.78
67.61,257.43,0.79
67.70,257.75,0.79
67.78,258.08,0.80
67.86,258.43,0.81
67.95,258.77,0.81
68.03,259.03,0.82
68.11,259.30,0.83
68.20,259.48,0.84
68.28,259.65,0.84
68.36,259.83,0.85
68.45,260.01,0.86
68.53,260.21,0.87
68.61,260.43,0.87
68.70,260.63,0.88
68.78,260.76,0.89
68.86,260.90,0.90
68.95,260.94,0.90
69.03,260.99,0.91
69.11,261.06,0.92
69.20,261.15,0.93
69.28,261.28,0.94
69.37,261.46,0.95
69.45,261.64,0.95
69.53,261.82,0.96
69.62,261.99,0.97
69.70,262.09,0.98
69.78,262.17,0.99
69.87,262.29,0.99
69.95,262.43,1.00
70.03,262.64,1.01
70.12,262.95,1.02
70.20,263.27,1.03
70.28,263.63,1.03
70.37,263.98,1.04
70.45,264.34,1.04
70.53,264.69,1.05
70.62,265.01,1.06
70.70,265.32,1.06
70.78,265.60,1.07
70.87,265.82,1.07
70.95,266.01,1.08
71.03,266.05,1.09
71.12,266.10,1.10
71.20,265.94,1.11
71.28,265.76,1.12
71.37,265.70,1.13
71.45,265.70,1.14
71.54,265.81,1.14
71.62,266.08,1.15
71.70,266.34,1.16
71.79,266.61,1.17
71.87,266.88,1.18
71.95,267.06,1.19
72.04,267.24,1.20
72.12,267.39,1.20
72.20,267.52,1.21
72.29,267.67,1.22
72.37,267.85,1.23
72.45,268.02,1.23
72.54,268.15,1.24
72.62,268.29,1.25
72.70,268.38,1.26
72.79,268.47,1.26
72.87,268.64,1.27
72.95,268.86,1.28
73.04,269.14,1.29
73.12,269.49,1.29
73.20,269.85,1.30
73.29,270.25,1.31
73.37,270.65,1.31
73.46,270.93,1.32
73.54,271.20,1.32
73.62,271.36,1.33
73.71,271.44,1.34
73.79,271.48,1.34
73.87,271.44,1.36
73.96,271.40,1.37
74.04,271.40,1.38
74.12,271.40,1.38
74.21,271.48,1.40
74.29,271.57,1.41
74.37,271.76,1.41
74.46,272.03,1.42
74.54,272.28,1.43
74.62,272.50,1.44
74.71,272.71,1.44
74.79,272.80,1.45
74.87,272.89,1.46
74.96,272.86,1.47
75.04,272.82,1.48
75.12,272.90,1.48
75.21,273.08,1.49
75.29,273.33,1.50
75.37,273.73,1.50
75.46,274.14,1.51
75.54,274.58,1.51
75.63,275.02,1.52
75.71,275.28,1.53
75.79,275.51,1.53
75.88,275.65,1.54
75.96,275.74,1.55
76.04,275.79,1.56
76.13,275.74,1.57
76.21,275.70,1.57
76.29,275.75,1.58
76.38,275.79,1.59
76.46,275.94,1.60
76.54,276.12,1.61
76.63,276.35,1.62
76.71,276.61,1.63
76.79,276.87,1.64
76.88,277.09,1.64
76.96,277.31,1.65
77.04,277.53,1.66
77.13,277.75,1.67
77.21,277.91,1.68
77.29,278.04,1.69
77.38,278.12,1.69
77.46,278.17,1.70
77.55,278.20,1.71
77.63,278.20,1.71
77.71,278.20,1.72
77.80,278.25,1.73
77.88,278.29,1.74
77.96,278.44,1.75
78.05,278.62,1.75
78.13,278.82,1.76
78.21,279.04,1.77
78.30,279.31,1.77
78.38,279.71,1.78
78.46,280.11,1.79
78.55,280.51,1.79
78.63,280.90,1.80
78.71,281.17,1.80
78.80,281.39,1.81
78.88,281.50,1.81
78.96,281.50,1.82
79.05,281.47,1.83
79.13,281.33,1.84
79.21,281.20,1.85
79.30,281.20,1.86
79.38,281.20,1.87
79.47,281.30,1.88
79.55,281.43,1.89
79.63,281.61,1.90
79.72,281.83,1.91
79.80,282.04,1.92
79.88,282.22,1.92
79.97,282.40,1.93
80.05,282.44,1.94
80.13,282.49,1.95
80.22,282.53,1.96
80.30,282.58,1.97
80.38,282.66,1.97
80.47,282.80,1.99
80.55,282.96,1.99
80.63,283.22,2.00
80.72,283.49,2.00
80.80,283.89,2.01
80.88,284.28,2.01
80.97,284.68,2.02
81.05,285.08,2.02
81.13,285.42,2.03
81.22,285.69,2.03
81.30,285.93,2.04
81.38,286.06,2.05
81.47,286.19,2.06
81.55,286.20,2.06
81.64,286.20,2.07
81.72,286.08,2.08
81.80,285.90,2.09
81.89,285.76,2.10
81.97,285.67,2.11
82.05,285.62,2.12
82.14,285.76,2.13
82.22,285.89,2.14
82.30,286.15,2.15
82.39,286.41,2.16
82.47,286.71,2.16
82.55,287.02,2.17
82.64,287.31,2.18
82.72,287.58,2.19
82.80,287.82,2.20
82.89,287.96,2.21
82.97,288.09,2.21
83.05,288.18,2.22
83.14,288.27,2.23
83.22,288.30,2.24
83.30,288.30,2.24
83.39,288.28,2.25
83.47,288.24,2.26
83.56,288.19,2.27
83.64,288.10,2.28
83.72,288.01,2.28
83.81,288.12,2.29
83.89,288.25,2.30
83.97,288.50,2.30
84.06,288.81,2.31
84.14,289.17,2.32
84.22,289.62,2.32
84.31,290.05,2.33
84.39,290.40,2.33
84.47,290.76,2.34
84.56,291.07,2.35
84.64,291.38,2.35
84.72,291.67,2.36
84.81,291.93,2.36
84.89,292.13,2.37
84.97,292.22,2.37
85.06,292.28,2.38
85.14,292.15,2.39
85.22,292.02,2.40
85.31,291.88,2.41
85.39,291.75,2.42
85.48,291.70,2.43
85.56,291.70,2.44
85.64,291.75,2.45
85.73,291.88,2.46
85.81,292.02,2.47
85.89,292.24,2.47
85.98,292.47,2.48
86.06,292.65,2.49
86.14,292.83,2.50
86.23,292.95,2.51
86.31,293.04,2.52
86.39,293.12,2.52
86.48,293.16,2.54
86.56,293.20,2.54
86.64,293.15,2.55
86.73,293.11,2.56
86.81,293.14,2.57
86.89,293.18,2.58
86.98,293.35,2.59
87.06,293.62,2.60
87.14,293.91,2.60
87.23,294.27,2.61
87.31,294.62,2.61
87.39,294.93,2.62
87.48,295.24,2.62
87.56,295.52,2.63
87.65,295.78,2.64
87.73,296.05,2.64
87.81,296.32,2.65
87.90,296.54,2.65
87.98,296.67,2.66
88.06,296.80,2.66
88.15,296.75,2.67
88.23,296.71,2.68
88.31,296.56,2.69
88.40,296.38,2.70
88.48,296.25,2.71
88.56,296.16,2.72
88.65,296.14,2.73
88.73,296.27,2.74
88.81,296.41,2.75
88.90,296.63,2.76
88.98,296.85,2.77
89.06,297.07,2.78
89.15,297.30,2.79
89.23,297.52,2.80
89.31,297.74,2.81
89.40,297.95,2.81
89.48,298.13,2.82
89.57,298.30,2.83
89.65,298.44,2.84
89.73,298.57,2.85
89.82,298.67,2.86
89.90,298.76,2.87
89.98,298.82,2.88
90.07,298.87,2.88
90.15,298.90,2.89
90.23,298.90,2.90
90.32,298.90,2.91
90.40,298.81,2.92
90.48,298.72,2.92
90.57,298.67,2.93
90.65,298.62,2.94
90.73,298.69,2.94
90.82,298.87,2.95
90.90,299.09,2.95
90.98,299.44,2.96
91.07,299.80,2.97
91.15,300.06,2.97
91.23,300.33,2.98
91.32,300.59,2.98
91.40,300.86,2.99
91.49,301.17,2.99
91.57,301.52,3.00
91.65,301.87,3.00
91.74,302.18,3.01
91.82,302.49,3.01
91.90,302.72,3.02
91.99,302.94,3.03
92.07,302.97,3.04
92.15,302.92,3.04
92.24,302.78,3.05
92.32,302.51,3.06
92.40,302.26,3.07
92.49,302.09,3.09
92.57,301.91,3.10
92.65,301.90,3.11
92.74,301.90,3.12
92.82,302.02,3.13
92.90,302.20,3.14
92.99,302.40,3.15
93.07,302.62,3.16
93.15,302.85,3.16
93.24,303.12,3.17
93.32,303.38,3.18
93.40,303.61,3.19
93.49,303.83,3.19
93.57,303.93,3.20
93.66,303.97,3.21
93.74,303.94,3.22
93.82,303.81,3.24
93.91,303.69,3.25
93.99,303.65,3.26
94.07,303.60,3.26
94.16,303.68,3.27
94.24,303.77,3.28
94.32,303.92,3.29
94.41,304.10,3.29
94.49,304.31,3.30
94.57,304.58,3.30
94.66,304.84,3.31
94.74,305.11,3.31
94.82,305.37,3.32
94.91,305.68,3.33
94.99,305.99,3.33
95.07,306.27,3.34
95.16,306.54,3.34
95.24,306.81,3.35
95.32,307.07,3.35
95.41,307.32,3.36
95.49,307.50,3.37
95.58,307.68,3.37
95.66,307.74,3.38
95.74,307.78,3.39
95.83,307.63,3.40
95.91,307.37,3.41
95.99,307.08,3.42
96.08,306.77,3.43
96.16,306.49,3.44
96.24,306.45,3.45
96.33,306.41,3.46
96.41,306.59,3.47
96.49,306.81,3.48
96.58,307.06,3.49
96.66,307.33,3.50
96.74,307.56,3.51
96.83,307.74,3.51
96.91,307.92,3.52
96.99,308.10,3.53
97.08,308.27,3.54
97.16,308.49,3.55
97.24,308.71,3.56
97.33,308.85,3.57
97.41,308.94,3.58
97.49,309.02,3.59
97.58,309.06,3.59
97.66,309.11,3.61
97.75,309.25,3.61
97.83,309.38,3.62
97.91,309.44,3.63
98.00,309.48,3.64
98.08,309.50,3.64
98.16,309.50,3.65
98.25,309.46,3.66
98.33,309.32,3.66
98.41,309.19,3.67
98.50,309.10,3.68
98.58,309.02,3.68
98.66,309.07,3.70
98.75,309.16,3.70
98.83,309.28,3.70
98.91,309.41,3.71
99.00,309.58,3.71
99.08,309.85,3.72
99.16,310.12,3.72
99.25,310.38,3.73
99.33,310.65,3.73
99.41,310.95,3.74
99.50,311.26,3.74
99.58,311.59,3.75
99.67,311.95,3.76
99.75,312.29,3.76
99.83,312.60,3.77
99.92,312.91,3.77
100.00,313.04,3.78
100.08,313.17,3.79
100.17,313.30,3.80
100.25,313.44,3.80
100.33,313.50,3.81
100.42,313.50,3.82
100.50,313.45,3.82
100.58,313.27,3.83
100.67,313.09,3.84
100.75,312.78,3.85
100.83,312.47,3.86
100.92,312.33,3.88
101.00,312.24,3.89
101.08,312.27,3.89
101.17,312.40,3.91
101.25,312.56,3.91
101.33,312.78,3.92
101.42,313.00,3.93
101.50,313.18,3.94
101.59,313.36,3.95
101.67,313.57,3.96
101.75,313.79,3.97
101.84,313.97,3.98
101.92,314.10,3.99
102.00,314.22,3.99
102.09,314.31,4.01
102.17,314.40,4.02
102.25,314.40,4.03
102.34,314.40,4.04
102.42,314.43,4.05
102.50,314.48,4.06
102.59,314.54,4.07
102.67,314.63,4.08
102.75,314.70,4.08
102.84,314.70,4.09
102.92,314.70,4.10
103.00,314.61,4.10
103.09,314.52,4.11
103.17,314.53,4.12
103.25,314.58,4.13
103.34,314.70,4.14
103.42,314.93,4.14
103.50,315.15,4.15
103.59,315.37,4.16
103.67,315.59,4.16
103.76,315.81,4.17
103.84,316.03,4.18
103.92,316.29,4.18
104.01,316.55,4.18
104.09,316.82,4.19
104.17,317.09,4.20
104.26,317.35,4.20
104.34,317.62,4.21
104.42,317.88,4.21
104.51,318.07,4.22
104.59,318.24,4.22
104.67,318.36,4.23
104.76,318.45,4.24
104.84,318.44,4.25
104.92,318.31,4.25
105.01,318.12,4.27
105.09,317.68,4.28
105.17,317.23,4.29
105.26,316.87,4.30
105.34,316.52,4.32
105.42,316.43,4.33
105.51,316.47,4.34
105.59,316.63,4.35
105.68,316.94,4.36
105.76,317.26,4.36
105.84,317.61,4.37
105.93,317.97,4.38
106.01,318.20,4.39
106.09,318.42,4.40
106.18,318.59,4.41
106.26,318.72,4.42
106.34,318.84,4.43
106.43,318.92,4.44
106.51,319.02,4.44
106.59,319.15,4.45
106.68,319.29,4.46
106.76,319.38,4.47
106.84,319.47,4.48
106.93,319.53,4.49
107.01,319.57,4.50
107.09,319.65,4.51
107.18,319.78,4.52
107.26,319.91,4.52
107.34,319.95,4.54
107.43,319.99,4.54
107.51,319.96,4.55
107.60,319.92,4.56
107.68,319.82,4.57
107.76,319.68,4.57
107.85,319.55,4.58
107.93,319.42,4.59
108.01,319.29,4.59
108.10,319.15,4.60
108.18,319.02,4.60
108.26,319.00,4.61
108.35,319.00,4.61
108.43,319.13,4.61
108.51,319.36,4.61
108.60,319.64,4.62
108.68,320.04,4.62
108.76,320.43,4.63
108.85,320.74,4.63
108.93,321.05,4.63
109.01,321.21,4.64
109.10,321.34,4.65
109.18,321.43,4.66
109.26,321.47,4.66
109.35,321.59,4.67
109.43,321.85,4.68
109.51,322.12,4.68
109.60,322.43,4.68
109.68,322.75,4.69
109.77,322.95,4.70
109.85,323.12,4.70
109.93,323.28,4.71
110.02,323.41,4.71
110.10,323.56,4.72
110.18,323.73,4.72
110.27,323.91,4.73
110.35,323.99,4.74
110.43,324.08,4.75
110.52,324.14,4.75
110.60,324.18,4.75
110.68,324.18,4.77
110.77,324.13,4.77
110.85,324.06,4.78
110.93,323.93,4.79
111.02,323.79,4.80
111.10,323.57,4.81
111.18,323.35,4.83
111.27,323.12,4.83
111.35,322.90,4.84
111.43,322.75,4.86
111.52,322.66,4.86
111.60,322.63,4.88
111.69,322.71,4.88
111.77,322.81,4.90
111.85,323.03,4.91
111.94,323.25,4.91
112.02,323.51,4.92
112.10,323.77,4.94
112.19,323.95,4.94
112.27,324.03,4.95
112.35,324.11,4.96
112.44,324.16,4.97
112.52,324.20,4.98
112.60,324.33,4.99
112.69,324.47,5.00
112.77,324.57,5.01
112.85,324.66,5.02
112.94,324.72,5.03
113.02,324.77,5.04
113.10,324.82,5.05
113.19,324.91,5.06
113.27,325.00,5.07
113.35,325.04,5.08
113.44,325.09,5.09
113.52,325.10,5.10
113.61,325.10,5.10
113.69,325.08,5.11
113.77,325.03,5.13
113.86,325.00,5.13
113.94,325.00,5.14
114.02,325.00,5.15
114.11,325.09,5.15
114.19,325.18,5.16
114.27,325.30,5.17
114.36,325.43,5.18
114.44,325.54,5.18
114.52,325.63,5.19
114.61,325.74,5.20
114.69,325.92,5.20
114.77,326.09,5.21
114.86,326.36,5.22
114.94,326.62,5.22
115.02,326.89,5.23
115.11,327.15,5.24
115.19,327.40,5.24
115.27,327.62,5.25
115.36,327.83,5.26
115.44,327.96,5.26
115.52,328.09,5.27
115.61,328.31,5.27
115.69,328.53,5.28
115.78,328.69,5.29
115.86,328.83,5.29
115.94,328.90,5.30
116.03,328.90,5.31
116.11,328.86,5.32
116.19,328.64,5.33
116.28,328.42,5.33
116.36,327.99,5.35
116.44,327.54,5.36
116.53,327.22,5.37
116.61,326.95,5.38
116.69,326.78,5.39
116.78,326.74,5.40
116.86,326.73,5.41
116.94,326.91,5.42
117.03,327.08,5.43
117.11,327.34,5.44
117.19,327.61,5.45
117.28,327.88,5.46
117.36,328.14,5.47
117.44,328.35,5.48
117.53,328.49,5.49
117.61,328.61,5.50
117.70,328.65,5.51
117.78,328.70,5.52
117.86,328.78,5.54
117.95,328.87,5.54
118.03,329.01,5.55
118.11,329.19,5.56
118.20,329.33,5.57
118.28,329.42,5.58
118.36,329.51,5.59
118.45,329.55,5.59
118.53,329.59,5.61
118.61,329.68,5.61
118.70,329.77,5.63
118.78,329.86,5.64
118.86,329.94,5.64
118.95,330.03,5.65
119.03,330.12,5.66
119.11,330.21,5.68
119.20,330.25,5.68
119.28,330.29,5.69
119.36,330.38,5.70
119.45,330.47,5.70
119.53,330.55,5.72
119.61,330.64,5.73
119.70,330.73,5.74
119.78,330.82,5.75
119.87,330.90,5.76
119.95,330.95,5.76
120.03,330.99,5.77
120.12,331.04,5.78
120.20,331.08,5.79
120.28,331.10,5.80
120.37,331.10,5.80
120.45,331.07,5.81
120.53,330.98,5.81
120.62,330.87,5.83
120.70,330.52,5.84
120.78,330.16,5.84
120.87,329.73,5.85
120.95,329.29,5.85
121.03,328.97,5.85
121.12,328.75,5.86
121.20,328.61,5.86
121.28,328.66,5.86
121.37,328.71,5.87
121.45,328.94,5.88
121.53,329.16,5.88
121.62,329.42,5.89
121.70,329.68,5.89
121.79,329.92,5.89
121.87,330.15,5.90
121.95,330.33,5.90
122.04,330.42,5.91
122.12,330.50,5.91
122.20,330.50,5.92
122.29,330.50,5.93
122.37,330.57,5.93
122.45,330.66,5.94
122.54,330.87,5.94
122.62,331.18,5.95
122.70,331.49,5.96
122.79,331.80,5.96
122.87,332.11,5.96
122.95,332.33,5.97
123.04,332.55,5.98
123.12,332.70,5.98
123.20,332.84,5.99
123.29,332.95,5.99
123.37,333.04,6.00
123.45,333.10,6.00
123.54,333.10,6.01
123.62,333.10,6.02
123.71,333.10,6.02
123.79,333.10,6.03
123.87,333.20,6.03
123.96,333.33,6.04
124.04,333.51,6.05
124.12,333.73,6.05
124.21,333.94,6.06
124.29,334.12,6.07
124.37,334.30,6.08
124.46,334.43,6.08
124.54,334.57,6.09
124.62,334.60,6.09
124.71,334.60,6.10
124.79,334.64,6.11
124.87,334.73,6.11
124.96,334.83,6.12
125.04,334.96,6.12
125.12,335.10,6.13
125.21,335.19,6.14
125.29,335.28,6.14
125.37,335.30,6.15
125.46,335.30,6.16
125.54,335.36,6.17
125.62,335.50,6.18
125.71,335.63,6.19
125.79,335.76,6.19
125.88,335.90,6.20
125.96,335.99,6.21
126.04,336.07,6.22
126.13,336.10,6.23
126.21,336.10,6.23
126.29,336.12,6.25
126.38,336.16,6.25
126.46,336.19,6.26
126.54,336.15,6.27
126.63,336.10,6.28
126.71,335.97,6.29
126.79,335.84,6.30
126.88,335.65,6.32
126.96,335.42,6.33
127.04,335.20,6.34
127.13,334.98,6.35
127.21,334.78,6.36
127.29,334.69,6.37
127.38,334.61,6.38
127.46,334.48,6.39
127.54,334.34,6.40
127.63,334.24,6.42
127.71,334.15,6.43
127.80,334.12,6.44
127.88,334.16,6.45
127.96,334.22,6.46
128.05,334.36,6.47
128.13,334.49,6.48
128.21,334.58,6.49
128.30,334.67,6.50
128.38,334.73,6.51
128.46,334.77,6.52
128.55,334.80,6.54
128.63,334.80,6.54
128.71,334.81,6.55
128.80,334.90,6.56
128.88,334.99,6.57
128.96,335.04,6.58
129.05,335.08,6.58
129.13,335.10,6.59
129.21,335.10,6.60
129.30,335.12,6.61
129.38,335.16,6.62
129.46,335.21,6.63
129.55,335.30,6.64
129.63,335.39,6.64
129.72,335.52,6.65
129.80,335.65,6.66
129.88,335.76,6.67
129.97,335.84,6.67
130.05,335.93,6.68
130.13,336.02,6.69
130.22,336.13,6.70
130.30,336.35,6.70
130.38,336.57,6.71
130.47,336.79,6.72
130.55,337.01,6.73
130.63,337.15,6.73
130.72,337.24,6.74
130.80,337.30,6.75
130.88,337.30,6.76
130.97,337.31,6.76
131.05,337.40,6.77
131.13,337.49,6.78
131.22,337.58,6.79
131.30,337.66,6.80
131.38,337.65,6.81
131.47,337.56,6.82
131.55,337.41,6.82
131.63,337.14,6.83
131.72,336.88,6.84
131.80,336.61,6.85
131.89,336.34,6.87
131.97,336.23,6.88
132.05,336.14,6.89
132.14,336.13,6.90
132.22,336.17,6.91
132.30,336.24,6.92
132.39,336.38,6.93
132.47,336.51,6.94
132.55,336.69,6.95
132.64,336.87,6.96
132.72,337.04,6.97
132.80,337.22,6.98
132.89,337.32,6.99
132.97,337.37,7.00
133.05,337.40,7.01
133.14,337.40,7.02
133.22,337.40,7.03
133.30,337.49,7.04
133.39,337.58,7.05
133.47,337.74,7.06
133.55,337.92,7.07
133.64,338.10,7.08
133.72,338.27,7.09
133.81,338.41,7.10
133.89,338.46,7.11
133.97,338.50,7.12
134.06,338.55,7.13
134.14,338.59,7.14
134.22,338.70,7.15
134.31,338.84,7.16
134.39,338.92,7.18
134.47,338.97,7.18
134.56,339.02,7.19
134.64,339.11,7.20
134.72,339.20,7.21
134.81,339.29,7.23
134.89,339.38,7.24
134.97,339.47,7.24
135.06,339.56,7.26
135.14,339.67,7.26
135.22,339.80,7.27
135.31,339.93,7.28
135.39,340.07,7.30
135.47,340.20,7.30
135.56,340.24,7.31
135.64,340.29,7.32
135.73,340.33,7.33
135.81,340.38,7.35
135.89,340.42,7.36
135.98,340.47,7.36
136.06,340.50,7.38
136.14,340.50,7.38
136.23,340.50,7.39
136.31,340.54,7.40
136.39,340.59,7.41
136.48,340.70,7.43
136.56,340.83,7.44
136.64,340.96,7.44
136.73,341.10,7.46
136.81,341.21,7.47
136.89,341.25,7.47
136.98,341.30,7.49
137.06,341.30,7.50
137.14,341.30,7.51
137.23,341.33,7.52
137.31,341.38,7.53
137.39,341.42,7.54
137.48,341.46,7.55
137.56,341.50,7.56
137.64,341.50,7.57
137.73,341.50,7.58
137.81,341.54,7.59
137.90,341.59,7.60
137.98,341.60,7.61
138.06,341.60,7.62
138.15,341.62,7.63
138.23,341.66,7.64
138.31,341.71,7.65
138.40,341.75,7.66
138.48,341.80,7.67
138.56,341.80,7.68
138.65,341.80,7.69
138.73,341.77,7.71
138.81,341.73,7.72
138.90,341.70,7.73
138.98,341.70,7.73
139.06,341.68,7.75
139.15,341.60,7.76
139.23,341.51,7.77
139.31,341.46,7.78
139.40,341.41,7.79
139.48,341.43,7.80
139.56,341.47,7.81
139.65,341.55,7.82
139.73,341.69,7.83
139.82,341.80,7.84
139.90,341.80,7.85
139.98,341.80,7.86
140.07,341.76,7.87
140.15,341.72,7.88
140.23,341.73,7.89
140.32,341.77,7.90
140.40,341.82,7.91
140.48,341.86,7.92
140.57,341.89,7.93
140.65,341.80,7.94
140.73,341.71,7.95
140.82,341.58,7.96
140.90,341.45,7.97
140.98,341.37,7.98
141.07,341.33,7.99
141.15,341.30,8.00
141.23,341.30,8.01
141.32,341.31,8.02
141.40,341.35,8.03
141.48,341.39,8.03
141.57,341.44,8.04
141.65,341.48,8.05
141.74,341.55,8.06
141.82,341.64,8.06
141.90,341.75,8.07
141.99,341.88,8.08
142.07,342.01,8.09
142.15,342.15,8.09
142.24,342.28,8.10
142.32,342.34,8.11
142.40,342.38,8.11
142.49,342.45,8.12
142.57,342.54,8.13
142.65,342.65,8.13
142.74,342.78,8.14
142.82,342.91,8.15
142.90,343.00,8.16
142.99,343.09,8.16
143.07,343.10,8.17
143.15,343.10,8.18
143.24,343.07,8.18
143.32,343.03,8.19
143.40,342.99,8.20
143.49,342.94,8.21
143.57,342.88,8.22
143.65,342.66,8.23
143.74,342.44,8.24
143.82,342.18,8.25
143.91,341.92,8.26
143.99,341.45,8.28
144.07,340.83,8.29
144.16,340.15,8.30
144.24,339.35,8.31
144.32,338.58,8.32
144.41,338.32,8.34
144.49,338.05,8.35
144.57,338.29,8.36
144.66,338.64,8.36
144.74,338.97,8.38
144.82,339.28,8.38
144.91,339.57,8.39
144.99,339.79,8.39
145.07,340.01,8.41
145.16,340.14,8.41
145.24,340.27,8.42
145.32,340.20,8.44
145.41,340.06,8.45
145.49,339.95,8.46
145.57,339.86,8.47
145.66,339.80,8.48
145.74,339.80,8.49
145.83,339.80,8.49
145.91,339.94,8.51
145.99,340.07,8.52
146.08,340.13,8.52
146.16,340.18,8.54
146.24,340.18,8.54
146.33,340.13,8.56
146.41,340.12,8.56
146.49,340.21,8.58
146.58,340.30,8.58
146.66,340.34,8.59
146.74,340.39,8.61
146.83,340.40,8.61
146.91,340.40,8.62
146.99,340.38,8.64
147.08,340.33,8.64
147.16,340.30,8.66
147.24,340.30,8.67
147.33,340.30,8.68
147.41,340.34,8.69
147.49,340.39,8.69
147.58,340.43,8.70
147.66,340.48,8.72
147.74,340.50,8.72
147.83,340.50,8.74
147.91,340.49,8.75
148.00,340.45,8.76
148.08,340.40,8.76
148.16,340.40,8.77
148.25,340.40,8.78
148.33,340.40,8.79
148.41,340.40,8.80
148.50,340.38,8.81
148.58,340.33,8.82
148.66,340.31,8.83
148.75,340.35,8.84
148.83,340.40,8.85
148.91,340.49,8.86
149.00,340.57,8.87
149.08,340.66,8.88
149.16,340.75,8.88
149.25,340.78,8.89
149.33,340.74,8.90
149.41,340.70,8.91
149.50,340.70,8.92
149.58,340.70,8.93
149.66,340.78,8.93
149.75,340.87,8.94
149.83,340.90,8.95
149.92,340.90,8.96
150.00,340.88,8.97
150.08,340.84,8.98
150.17,340.79,8.99
150.25,340.75,9.00
150.33,340.70,9.01
150.42,340.70,9.02
150.50,340.70,9.03
150.58,340.76,9.04
150.67,340.85,9.05
150.75,340.90,9.06
150.83,340.90,9.07
150.92,340.89,9.08
151.00,340.80,9.08
151.08,340.71,9.10
151.17,340.70,9.11
151.25,340.70,9.12
151.33,340.73,9.14
151.42,340.77,9.14
151.50,340.78,9.15
151.58,340.74,9.16
151.67,340.70,9.17
151.75,340.70,9.18
151.84,340.70,9.19
151.92,340.74,9.20
152.00,340.78,9.21
152.09,340.88,9.22
152.17,341.02,9.24
152.25,341.08,9.24
152.34,341.04,9.25
152.42,340.99,9.26
152.50,340.90,9.27
152.59,340.81,9.29
152.67,340.80,9.30
152.75,340.80,9.31
152.84,340.80,9.32
152.92,340.80,9.33
153.00,340.80,9.34
153.09,340.80,9.35
153.17,340.80,9.36
153.25,340.80,9.37
153.34,340.80,9.38
153.42,340.84,9.39
153.50,340.88,9.40
153.59,340.90,9.41
153.67,340.90,9.42
153.75,340.92,9.43
153.84,340.96,9.44
153.92,340.99,9.45
154.01,340.90,9.47
154.09,340.81,9.48
154.17,340.76,9.49
154.26,340.72,9.50
154.34,340.73,9.51
154.42,340.77,9.52
154.51,340.83,9.53
154.59,340.92,9.54
154.67,341.00,9.55
154.76,341.05,9.57
154.84,341.09,9.58
154.92,341.10,9.59
155.01,341.10,9.60
155.09,341.13,9.61
155.17,341.17,9.62
155.26,341.23,9.64
155.34,341.32,9.64
155.42,341.40,9.65
155.51,341.35,9.66
155.59,341.31,9.67
155.67,341.26,9.69
155.76,341.22,9.70
155.84,341.18,9.71
155.93,341.13,9.72
156.01,341.07,9.73
156.09,340.98,9.74
156.18,340.90,9.75
156.26,340.85,9.76
156.34,340.81,9.77
156.43,340.84,9.78
156.51,340.88,9.79
156.59,340.92,9.81
156.68,340.97,9.81
156.76,341.00,9.83
156.84,341.00,9.83
156.93,341.00,9.85
157.01,340.91,9.86
157.09,340.82,9.87
157.18,340.77,9.88
157.26,340.72,9.89
157.34,340.68,9.90
157.43,340.63,9.91
157.51,340.60,9.92
157.59,340.60,9.93
157.68,340.60,9.95
157.76,340.60,9.96
157.85,340.60,9.96
157.93,340.60,9.98
158.01,340.60,9.99
158.10,340.62,10.00
158.18,340.67,10.01
158.26,340.70,10.02
158.35,340.70,10.03
158.43,340.70,10.04
158.51,340.48,10.05
158.60,340.26,10.06
158.68,340.00,10.08
158.76,339.74,10.08
158.85,339.56,10.10
158.93,339.47,10.11
159.01,339.40,10.12
159.10,339.40,10.13
159.18,339.40,10.14
159.26,339.36,10.16
159.35,339.31,10.16
159.43,339.33,10.16
159.51,339.38,10.17
159.60,339.42,10.18
159.68,339.47,10.19
159.76,339.49,10.20
159.85,339.45,10.21
159.93,339.40,10.22
160.02,339.27,10.23
160.10,339.14,10.24
160.18,338.97,10.25
160.27,338.80,10.26
160.35,338.64,10.27
160.43,338.51,10.28
160.52,338.37,10.29
160.60,338.24,10.30
160.68,338.11,10.31
160.77,338.02,10.32
160.85,337.93,10.34
160.93,337.87,10.35
161.02,337.82,10.35
161.10,337.78,10.36
161.18,337.74,10.37
161.27,337.71,10.39
161.35,337.75,10.39
161.43,337.80,10.40
161.52,337.84,10.41
161.60,337.89,10.43
161.68,337.78,10.44
161.77,337.60,10.45
161.85,337.41,10.46
161.94,337.18,10.47
162.02,336.99,10.48
162.10,336.95,10.49
162.19,336.90,10.51
162.27,336.86,10.52
162.35,336.82,10.53
162.44,336.77,10.54
162.52,336.73,10.55
162.60,336.65,10.56
162.69,336.51,10.57
162.77,336.37,10.58
162.85,336.20,10.59
162.94,336.02,10.60
163.02,335.72,10.61
163.10,335.41,10.63
163.19,335.04,10.64
163.27,334.64,10.65
163.35,334.25,10.66
163.44,333.85,10.67
163.52,333.33,10.68
163.60,332.09,10.71
163.69,330.85,10.71
163.77,329.72,10.73
163.86,328.62,10.76
163.94,328.20,10.78
164.02,328.20,10.79
164.11,328.40,10.79
164.19,328.93,10.81
164.27,329.45,10.81
164.36,329.90,10.82
164.44,330.34,10.83
164.52,329.83,10.84
164.61,329.16,10.85
164.69,328.22,10.86
164.77,327.12,10.88
164.86,326.31,10.91
164.94,326.04,10.92
165.02,325.84,10.93
165.11,326.19,10.95
165.19,326.55,10.95
165.27,325.89,10.96
165.36,325.04,10.97
165.44,323.75,10.99
165.52,322.16,11.00
165.61,320.87,11.04
165.69,320.21,11.06
165.77,319.65,11.07
165.86,320.27,11.08
165.94,320.89,11.08
166.03,320.85,11.08
166.11,320.68,11.10
166.19,319.71,11.10
166.28,318.15,11.12
166.36,316.71,11.15
166.44,315.52,11.17
166.53,310.91,11.19
166.61,258.96,11.21
166.69,207.00,11.22
166.78,155.05,11.23
166.86,103.10,11.25
