Specimen Width: 1.0mm, Specimen Height: 1.0mm, Gauge Length: 3.0mm, Strain Rate: 1500.0 Âµm/min, Pretension Load: 80.0N
time,distance,load,stress,strain
0.043123722076416016,0.0010775208473205566,75.86624260302268,75.86624260302268,0.0003591736157735189
0.06655120849609375,0.001663297414779663,75.86624260302268,75.86624260302268,0.0005544324715932211
0.09975624084472656,0.0024933218955993652,75.86624260302268,75.86624260302268,0.0008311072985331217
0.13314294815063477,0.0033278465270996094,75.98014080302268,75.98014080302268,0.0011092821756998699
0.1663353443145752,0.004157662391662598,76.43573360302268,76.43573360302268,0.0013858874638875325
0.1996774673461914,0.00499110221862793,79.05539220302268,79.05539220302268,0.0016637007395426432
0.23287677764892578,0.005821317434310913,80.64996700302268,80.64996700302268,0.0019404391447703044
0.2661705017089844,0.006653803586959839,81.78894900302268,81.78894900302268,0.002217934528986613
0.2994568347930908,0.007485592365264893,83.26962560302267,83.26962560302267,0.0024951974550882976
0.3327045440673828,0.008316880464553833,84.40860760302267,84.40860760302267,0.002772293488184611
0.36585140228271484,0.009145778417587281,85.43369140302268,85.43369140302268,0.003048592805862427
0.3990747928619385,0.009976255893707276,86.23097880302268,86.23097880302268,0.0033254186312357587
0.4323427677154541,0.010808074474334718,86.91436800302267,86.91436800302267,0.003602691491444906
0.4657328128814697,0.011642813682556152,88.28114640302267,88.28114640302267,0.0038809378941853843
0.49879980087280273,0.012469571828842164,88.85063740302267,88.85063740302267,0.004156523942947388
0.5321521759033203,0.013303422927856447,89.76182300302268,89.76182300302268,0.0044344743092854825
0.5655725002288818,0.014138543605804445,90.10351760302268,90.10351760302268,0.004712847868601482
0.5989711284637451,0.01497349739074707,90.90080500302268,90.90080500302268,0.00499116579691569
0.6319460868835449,0.015798246860504152,91.81199060302268,91.81199060302268,0.0052660822868347175
0.6652464866638184,0.016630643606185914,92.72317620302267,92.72317620302267,0.005543547868728638
0.6985273361206055,0.017462611198425293,93.17876900302268,93.17876900302268,0.005820870399475098
0.7317512035369873,0.018293148279190066,93.86215820302267,93.86215820302267,0.006097716093063355
0.7649650573730469,0.019123613834381104,95.00114020302269,95.00114020302269,0.006374537944793701
0.7982089519500732,0.01995472311973572,96.02622400302268,96.02622400302268,0.00665157437324524
0.8314170837402344,0.02078491449356079,96.70961320302268,96.70961320302268,0.006928304831186931
0.8649570941925049,0.021623271703720096,97.27910420302268,97.27910420302268,0.0072077572345733655
0.8981540203094482,0.02245316505432129,98.19028980302268,98.19028980302268,0.00748438835144043
0.9316775798797607,0.023291367292404178,99.21537360302268,99.21537360302268,0.007763789097468059
0.9669766426086426,0.024173820018768312,100.12655920302268,100.12655920302268,0.008057940006256105
0.9982068538665771,0.02495454549789429,100.80994840302267,100.80994840302267,0.00831818183263143
1.0317115783691406,0.025791966915130617,101.72113400302268,101.72113400302268,0.008597322305043538
1.065082311630249,0.02662639617919922,102.51842140302269,102.51842140302269,0.008875465393066407
1.0983045101165771,0.02745674848556519,103.99909800302268,103.99909800302268,0.009152249495188397
1.1315243244171143,0.02828747034072876,104.68248720302267,104.68248720302267,0.00942915678024292
1.1649248600006104,0.029122579097747806,105.59367280302268,105.59367280302268,0.009707526365915936
1.1988050937652588,0.029969203472137454,106.39096020302269,106.39096020302269,0.009989734490712485
1.2313923835754395,0.030784147977828982,107.52994220302269,107.52994220302269,0.010261382659276327
1.2645306587219238,0.03161285519599915,108.78282240302268,108.78282240302268,0.010537618398666383
1.2979400157928467,0.03244796395301819,109.69400800302267,109.69400800302267,0.010815987984339396
1.33101224899292,0.03327491283416748,110.37739720302268,110.37739720302268,0.011091637611389161
1.3645961284637451,0.034114432334899907,111.63027740302267,111.63027740302267,0.011371477444966636
1.3975377082824707,0.03493803143501282,112.76925940302269,112.76925940302269,0.011646010478337606
1.4309089183807373,0.03577231764793396,113.90824140302269,113.90824140302269,0.011924105882644654
1.4641392230987549,0.03660309910774231,114.70552880302269,114.70552880302269,0.012201033035914103
1.4975566864013672,0.03743850588798523,115.61671440302268,115.61671440302268,0.012479501962661744
1.530670166015625,0.03826636075973511,116.75569640302267,116.75569640302267,0.01275545358657837
1.5639173984527588,0.03909753561019898,117.55298380302267,117.55298380302267,0.013032511870066326
1.5971593856811523,0.03992860317230225,119.03366040302267,119.03366040302267,0.013309534390767416
1.6304280757904053,0.04076029658317566,119.83094780302267,119.83094780302267,0.01358676552772522
1.6636579036712646,0.04159103035926819,120.96992980302267,120.96992980302267,0.013863676786422731
1.6969420909881592,0.04242303967475891,122.45060640302268,122.45060640302268,0.014141013224919638
1.7303087711334229,0.04325714707374573,123.81738480302266,123.81738480302266,0.01441904902458191
1.763519525527954,0.044087576866149905,124.61467220302266,124.61467220302266,0.014695858955383301
1.7967844009399414,0.04491909146308899,125.52585780302267,125.52585780302267,0.014973030487696331
1.830108880996704,0.04575216770172119,126.55094160302266,126.55094160302266,0.015250722567240397
1.8639369010925293,0.046597939729690556,128.14551640302267,128.14551640302267,0.015532646576563518
1.8968310356140137,0.04742014408111572,129.05670200302268,129.05670200302268,0.015806714693705242
1.9298789501190186,0.04824660420417786,130.19568400302268,130.19568400302268,0.01608220140139262
1.9632463455200195,0.049080592393875126,131.44856420302267,131.44856420302267,0.016360197464625043
1.9964134693145752,0.04990974664688111,132.70144440302266,132.70144440302266,0.016636582215627038
2.0298404693603516,0.050745540857315065,134.18212100302267,134.18212100302267,0.01691518028577169
2.0630736351013184,0.05157647132873536,135.20720480302268,135.20720480302268,0.017192157109578454
2.0963780879974365,0.0524090588092804,136.00449220302266,136.00449220302266,0.017469686269760133
2.1297049522399902,0.05324214696884155,136.91567780302267,136.91567780302267,0.017747382322947185
2.1629669666290283,0.054073679447174075,138.73804900302267,138.73804900302267,0.01802455981572469
2.196331262588501,0.05490778684616089,140.21872560302268,140.21872560302268,0.018302595615386965
2.229682207107544,0.05574162602424622,141.47160580302267,141.47160580302267,0.01858054200808207
2.262907028198242,0.05657228231430054,142.61058780302267,142.61058780302267,0.01885742743810018
2.2962639331817627,0.05740615129470825,144.20516260302267,144.20516260302267,0.01913538376490275
2.329597234725952,0.05823947191238404,145.34414460302267,145.34414460302267,0.01941315730412801
2.3634231090545654,0.05908506512641907,147.05261760302267,147.05261760302267,0.019695021708806357
2.3965182304382324,0.05990955829620362,147.84990500302266,147.84990500302266,0.019969852765401207
2.43281888961792,0.0608195960521698,149.10278520302268,149.10278520302268,0.0202731986840566
2.465313673019409,0.06163227558135986,150.92515640302267,150.92515640302267,0.02054409186045329
2.49802303314209,0.062449979782104495,152.74752760302266,152.74752760302266,0.020816659927368166
2.5318450927734375,0.06329565048217774,154.11430600302268,154.11430600302268,0.021098550160725912
2.5649783611297607,0.06412240862846375,155.36718620302267,155.36718620302267,0.021374136209487915
2.60025954246521,0.06500583291053773,157.18955740302266,157.18955740302266,0.021668610970179244
2.6319870948791504,0.06579875349998475,158.67023400302267,158.67023400302267,0.02193291783332825
2.665614604949951,0.06663911938667298,160.60650340302266,160.60650340302266,0.022213039795557662
2.6978774070739746,0.06744644641876221,161.51768900302267,161.51768900302267,0.02248214880625407
2.73162841796875,0.06829003095626832,162.99836560302268,162.99836560302268,0.02276334365208944
2.764803647994995,0.06911951899528504,165.39022780302267,165.39022780302267,0.023039839665095013
2.79841685295105,0.06995950937271118,167.44039540302268,167.44039540302268,0.023319836457570395
2.8309566974639893,0.07077330350875854,168.80717380302266,168.80717380302266,0.02359110116958618
2.86224627494812,0.07155567407608032,170.51564680302266,170.51564680302266,0.02385189135869344
2.8955297470092773,0.07238762378692627,172.67971260302267,172.67971260302267,0.024129207928975424
2.9289684295654297,0.07322307825088502,174.84377840302267,174.84377840302267,0.024407692750295005
2.9620392322540283,0.07405054569244385,175.98276040302267,175.98276040302267,0.024683515230814617
2.9953529834747314,0.07488321661949159,177.23564060302266,177.23564060302266,0.024961072206497195
3.0287036895751953,0.0757168471813202,178.94411360302266,178.94411360302266,0.025238949060440066
3.0619070529937744,0.07654675841331482,181.33597580302268,181.33597580302268,0.025515586137771606
3.0952138900756836,0.07737941145896912,183.50004160302268,183.50004160302268,0.02579313715298971
3.1284260749816895,0.07821015715599061,184.98071820302266,184.98071820302266,0.026070052385330205
3.1618330478668213,0.07904503345489503,186.57529300302267,186.57529300302267,0.02634834448496501
3.195054054260254,0.07987563610076905,188.85325700302266,188.85325700302266,0.026625212033589682
3.2281861305236816,0.08070410490036012,190.90342460302267,190.90342460302267,0.02690136830012004
3.261690855026245,0.0815416991710663,192.15630480302266,192.15630480302266,0.027180566390355432
3.294738531112671,0.0823679804801941,193.63698140302267,193.63698140302267,0.027455993493398032
3.328162431716919,0.08320339918136598,195.34545440302267,195.34545440302267,0.027734466393788657
3.361367702484131,0.08403366208076478,197.85121480302269,197.85121480302269,0.02801122069358826
3.394564151763916,0.08486363291740417,200.24307700302268,200.24307700302268,0.028287877639134724
3.428079843521118,0.08570123314857483,201.49595720302267,201.49595720302267,0.028567077716191613
3.4613595008850098,0.08653344511985779,203.20443020302267,203.20443020302267,0.028844481706619265
3.494521141052246,0.087362539768219,205.59629240302266,205.59629240302266,0.029120846589406335
3.52791690826416,0.08819748759269715,207.30476540302269,207.30476540302269,0.02939916253089905
3.5612308979034424,0.08902960419654847,209.01323840302268,209.01323840302268,0.029676534732182822
3.5944278240203857,0.08986024856567383,210.83560960302268,210.83560960302268,0.029953416188557944
3.6287877559661865,0.09071913361549377,213.34137000302266,213.34137000302266,0.030239711205164593
3.661132574081421,0.09152744412422181,215.04984300302266,215.04984300302266,0.03050914804140727
3.6941583156585693,0.09235309362411499,217.55560340302267,217.55560340302267,0.030784364541371664
3.7274296283721924,0.09318515658378601,218.92238180302266,218.92238180302266,0.031061718861262005
3.7605812549591064,0.0940140724182129,220.6308548030227,220.6308548030227,0.0313380241394043
3.794172525405884,0.09485353827476502,223.13661520302267,223.13661520302267,0.03161784609158834
3.8274378776550293,0.09568541049957276,225.52847740302266,225.52847740302266,0.03189513683319092
3.860718011856079,0.09651713371276856,227.12305220302267,227.12305220302267,0.032172377904256186
3.893815040588379,0.09734481573104858,228.9454234030227,228.9454234030227,0.032448271910349526
3.927478790283203,0.09818610548973083,230.65389640302269,230.65389640302269,0.03272870182991028
3.9603450298309326,0.09900816082954407,234.29863880302267,234.29863880302267,0.03300272027651469
3.99367618560791,0.09984096884727478,236.12101000302266,236.12101000302266,0.03328032294909159
4.027130842208862,0.10067698359489441,237.71558480302267,237.71558480302267,0.03355899453163147
4.060187101364136,0.10150418281555176,239.65185420302268,239.65185420302268,0.03383472760518392
4.093688011169434,0.1023413896560669,242.38541100302268,242.38541100302268,0.0341137965520223
4.127225637435913,0.10317975282669067,245.00506960302266,245.00506960302266,0.034393250942230225
4.160154819488525,0.10400339365005494,246.82744080302268,246.82744080302268,0.03466779788335165
4.193750619888306,0.10484293103218079,248.64981200302267,248.64981200302267,0.03494764367739359
4.226729869842529,0.10566772818565369,250.13048860302268,250.13048860302268,0.035222576061884565
4.259826183319092,0.10649513602256776,253.20574000302267,253.20574000302267,0.03549837867418925
4.29325008392334,0.10733067393302918,255.93929680302267,255.93929680302267,0.03577689131100973
4.326663970947266,0.1081661105155945,257.9894644030227,257.9894644030227,0.03605537017186483
4.360334634780884,0.10900565385818482,259.9257338030227,259.9257338030227,0.036335217952728274
4.393143177032471,0.10982807278633118,262.65929060302267,262.65929060302267,0.036609357595443724
4.426942586898804,0.11067282557487489,264.5955600030227,264.5955600030227,0.03689094185829163
4.4599080085754395,0.11149634718894959,267.32911680302266,267.32911680302266,0.0371654490629832
4.492870092391968,0.1123207449913025,269.1514880030227,269.1514880030227,0.03744024833043417
4.526266574859619,0.11315591931343079,271.0877574030227,271.0877574030227,0.0377186397711436
4.5591721534729,0.11397866010665894,274.16300880302265,274.16300880302265,0.03799288670221965
4.592400550842285,0.11480947136878968,276.8965656030227,276.8965656030227,0.038269823789596556
4.625670433044434,0.11564127802848817,278.7189368030227,278.7189368030227,0.03854709267616272
4.659053564071655,0.1164758861064911,280.76910440302265,280.76910440302265,0.038825295368830365
4.6923112869262695,0.11730729341506958,283.73045760302267,283.73045760302267,0.03910243113835653
4.725672960281372,0.11814115047454835,285.3250324030227,285.3250324030227,0.03938038349151612
4.758917570114136,0.11897250413894654,288.40028380302266,288.40028380302266,0.039657501379648845
4.79207706451416,0.11980147957801819,290.3365532030227,290.3365532030227,0.039933826526006064
4.825261354446411,0.12063100934028625,292.2728226030227,292.2728226030227,0.040210336446762085
4.858780384063721,0.12146834135055543,295.12027760302266,295.12027760302266,0.04048944711685181
4.894327640533447,0.12235710620880128,297.9677326030227,297.9677326030227,0.04078570206960042
4.92535924911499,0.12313346862792969,300.0179002030227,300.0179002030227,0.04104448954264323
4.9588072299957275,0.12396968007087708,302.0680678030227,302.0680678030227,0.04132322669029236
4.991943836212158,0.12479801177978517,305.25721740302265,305.25721740302265,0.04159933725992839
5.02540135383606,0.12563438415527345,306.9656904030227,306.9656904030227,0.041878128051757814
5.058754920959473,0.12646815776824952,310.1548400030227,310.1548400030227,0.04215605258941651
5.0917274951934814,0.1272926390171051,312.2050076030227,312.2050076030227,0.04243087967236837
5.1250669956207275,0.1281261384487152,314.14127700302265,314.14127700302265,0.0427087128162384
5.158281326293945,0.12895652055740356,317.33042660302266,317.33042660302266,0.04298550685246785
5.191877841949463,0.1297963500022888,320.1778816030227,320.1778816030227,0.043265450000762935
5.225039720535278,0.13062543272972107,321.88635460302265,321.88635460302265,0.043541810909907025
5.259739875793457,0.1314928412437439,324.16431860302265,324.16431860302265,0.04383094708124797
5.291620254516602,0.13228954672813417,326.21448620302266,326.21448620302266,0.04409651557604472
5.324863910675049,0.1331207811832428,329.40363580302267,329.40363580302267,0.0443735937277476
5.358720064163208,0.13396735787391664,332.4788872030227,332.4788872030227,0.04465578595797221
5.391767501831055,0.1347933828830719,334.4151566030227,334.4151566030227,0.04493112762769064
5.425034046173096,0.1356253445148468,336.5792224030227,336.5792224030227,0.0452084481716156
5.458083391189575,0.13645156621932983,338.7432882030227,338.7432882030227,0.04548385540644328
5.491552829742432,0.13728766441345217,341.70464140302266,341.70464140302266,0.04576255480448405
5.524547338485718,0.13811268210411073,344.89379100302267,344.89379100302267,0.046037560701370245
5.558035612106323,0.13895001411437988,347.0578568030227,347.0578568030227,0.04631667137145996
5.591084241867065,0.13977620005607605,349.2219226030227,349.2219226030227,0.04659206668535868
5.624493598937988,0.14061182141304016,352.6388686030227,352.6388686030227,0.04687060713768005
5.657545328140259,0.1414382338523865,355.8280182030227,355.8280182030227,0.0471460779507955
5.690813064575195,0.1422698199748993,357.9920840030227,357.9920840030227,0.04742327332496643
5.724094390869141,0.1431018352508545,360.1561498030227,360.1561498030227,0.04770061175028483
5.757288932800293,0.1439318060874939,362.0924192030227,362.0924192030227,0.0479772686958313
5.7907938957214355,0.1447691023349762,365.28156880302265,365.28156880302265,0.048256367444992065
5.82412314414978,0.14560253024101258,368.47071840302266,368.47071840302266,0.04853417674700419
5.857228755950928,0.14642924666404725,370.52088600302267,370.52088600302267,0.04880974888801575
5.890921115875244,0.14727237820625305,372.79885000302266,372.79885000302266,0.049090792735417686
5.923846960067749,0.1480950117111206,375.9879996030227,375.9879996030227,0.04936500390370687
5.957000732421875,0.14892444014549255,377.8103708030227,377.8103708030227,0.04964148004849752
5.990496873855591,0.14976171851158143,380.9995204030227,380.9995204030227,0.04992057283719381
6.023910045623779,0.15059660077095033,383.2774844030227,383.2774844030227,0.05019886692365011
6.057184457778931,0.15142885446548462,385.21375380302266,385.21375380302266,0.050476284821828206
6.090878963470459,0.15227085947990418,388.51680160302266,388.51680160302266,0.05075695315996806
6.123815298080444,0.15309489965438844,391.93374760302265,391.93374760302265,0.05103163321812948
6.156763315200806,0.15391839146614075,394.09781340302266,394.09781340302266,0.05130613048871358
6.189977645874023,0.15474879145622256,396.26187920302266,396.26187920302266,0.05158293048540752
6.223324298858643,0.15558256506919863,399.56492700302266,399.56492700302266,0.051860855023066206
6.257028341293335,0.15642495751380922,401.2734000030227,401.2734000030227,0.05214165250460307
6.289988040924072,0.15724921822547913,404.4625496030227,404.4625496030227,0.05241640607515971
6.32336950302124,0.1580836355686188,406.6266154030227,406.6266154030227,0.052694545189539595
6.356781959533691,0.15891906023025515,408.56288480302265,408.56288480302265,0.05297302007675172
6.389697790145874,0.1597418010234833,412.0937290030227,412.0937290030227,0.05324726700782776
6.4230334758758545,0.16057533025741577,415.2828786030227,415.2828786030227,0.05352511008580526
6.457698106765747,0.16144148111343384,417.44694440302266,417.44694440302266,0.05381382703781128
6.490056753158569,0.1622506082057953,419.61101020302266,419.61101020302266,0.05408353606859843
6.5227274894714355,0.1630677580833435,422.0028724030227,422.0028724030227,0.0543559193611145
6.556244134902954,0.16390334963798525,425.19202200302266,425.19202200302266,0.05463444987932842
6.589452505111694,0.16473572850227358,428.26727340302267,428.26727340302267,0.05491190950075786
6.622654914855957,0.16556443572044374,430.3174410030227,430.3174410030227,0.055188145240147916
6.655887126922607,0.16639637351036074,432.70930320302267,432.70930320302267,0.05546545783678691
6.689034700393677,0.16722544431686404,436.24014740302266,436.24014740302266,0.05574181477228801
6.72233772277832,0.16805787682533266,439.7709916030227,439.7709916030227,0.056019292275110884
6.757985830307007,0.16894872784614565,441.82115920302266,441.82115920302266,0.05631624261538188
6.7888593673706055,0.16972095966339112,444.09912320302266,444.09912320302266,0.05657365322113037
6.82230544090271,0.17055683732032778,446.37708720302265,446.37708720302265,0.05685227910677593
6.855372667312622,0.17138341665267945,449.45233860302267,449.45233860302267,0.05712780555089315
6.888673543930054,0.17221624851226808,452.86928460302266,452.86928460302266,0.05740541617075603
6.922088146209717,0.1730517625808716,455.26114680302265,455.26114680302265,0.05768392086029053
6.956016778945923,0.1738999605178833,457.7669072030227,457.7669072030227,0.057966653505961106
6.989186525344849,0.17472909688949587,461.1838532030227,461.1838532030227,0.058243032296498624
7.021717309951782,0.17554246187210085,463.2340208030227,463.2340208030227,0.05851415395736695
7.055117845535278,0.17637735605239868,466.5370686030227,466.5370686030227,0.058792452017466225
7.090518236160278,0.17726225256919861,468.9289308030227,468.9289308030227,0.059087417523066205
7.121389627456665,0.17803428173065186,471.3207930030227,471.3207930030227,0.059344760576883954
7.155889272689819,0.17889649271965027,474.7377390030227,474.7377390030227,0.05963216423988343
7.1897711753845215,0.1797436535358429,477.9268886030227,477.9268886030227,0.0599145511786143
7.221881151199341,0.1805461883544922,480.3187508030227,480.3187508030227,0.06018206278483074
7.255042314529419,0.18137554526329042,482.5967148030227,482.5967148030227,0.060458515087763474
7.288217306137085,0.18220489621162417,484.8746788030227,484.8746788030227,0.06073496540387472
7.3244476318359375,0.18311038613319397,487.9499302030227,487.9499302030227,0.06103679537773132
7.3549275398254395,0.18387271761894228,491.5946726030227,491.5946726030227,0.06129090587298076
7.390767335891724,0.18476825356483462,493.98653480302266,493.98653480302266,0.06158941785494487
7.421406984329224,0.18553478121757508,496.3783970030227,496.3783970030227,0.06184492707252503
7.454777240753174,0.18636879920959473,499.7953430030227,499.7953430030227,0.06212293306986491
7.488071441650391,0.18720129132270813,502.98449260302266,502.98449260302266,0.06240043044090271
7.521314859390259,0.18803236484527588,505.3763548030227,505.3763548030227,0.06267745494842529
7.554722309112549,0.18886739611625672,507.6543188030227,507.6543188030227,0.06295579870541891
7.5880279541015625,0.1897001326084137,510.9573666030227,510.9573666030227,0.0632333775361379
7.6212663650512695,0.19053115248680116,512.8936360030227,512.8936360030227,0.06351038416226705
7.65458345413208,0.19136414527893067,516.0827856030227,516.0827856030227,0.06378804842631022
7.6878745555877686,0.1921963095664978,518.7024442030227,518.7024442030227,0.06406543652216594
7.721034288406372,0.19302542209625245,520.9804082030226,520.9804082030226,0.06434180736541749
7.754761457443237,0.1938683569431305,523.9417614030227,523.9417614030227,0.06462278564771017
7.787681818008423,0.19469149708747865,527.7004020030226,527.7004020030226,0.06489716569582622
7.820996999740601,0.19552444219589235,529.9783660030226,529.9783660030226,0.06517481406529745
7.854287147521973,0.1963565528392792,532.2563300030226,532.2563300030226,0.06545218427975973
7.887596845626831,0.1971890687942505,535.5593778030227,535.5593778030227,0.0657296895980835
7.920891761779785,0.1980217754840851,537.7234436030227,537.7234436030227,0.06600725849469503
7.9540979862213135,0.19885194897651673,541.1403896030226,541.1403896030226,0.06628398299217224
7.987531661987305,0.19968768954277039,543.5322518030226,543.5322518030226,0.06656256318092346
8.020750045776367,0.20051835775375368,545.5824194030226,545.5824194030226,0.06683945258458455
8.0541512966156,0.20135321617126467,549.1132636030227,549.1132636030227,0.06711773872375489
8.08749794960022,0.2021866738796234,551.3912276030227,551.3912276030227,0.06739555795987447
8.12073302268982,0.20301778316497804,554.8081736030227,554.8081736030227,0.06767259438832601
8.153920888900757,0.20384747982025148,557.2000358030227,557.2000358030227,0.06794915994008383
8.187219858169556,0.2046799659729004,559.5918980030227,559.5918980030227,0.06822665532430013
8.220486640930176,0.20551097989082337,562.7810476030227,562.7810476030227,0.06850365996360779
8.253671884536743,0.20634135603904724,566.1979936030227,566.1979936030227,0.06878045201301575
8.287176847457886,0.20717889666557313,568.4759576030227,568.4759576030227,0.06905963222185771
8.32033920288086,0.20800801515579226,570.7539216030227,570.7539216030227,0.06933600505193076
8.35357666015625,0.2088390052318573,573.2596820030227,573.2596820030227,0.06961300174395244
8.38685154914856,0.20967077016830446,578.1573046030227,578.1573046030227,0.06989025672276815
8.420212030410767,0.21050492525100709,580.3213704030227,580.3213704030227,0.07016830841700236
8.453402519226074,0.21133467555046082,582.7132326030227,582.7132326030227,0.07044489185015361
8.486766576766968,0.21216859221458437,584.9911966030227,584.9911966030227,0.07072286407152813
8.519936800003052,0.2129978895187378,588.4081426030227,588.4081426030227,0.07099929650624594
8.553184509277344,0.2138291358947754,591.7111904030227,591.7111904030227,0.0712763786315918
8.586397886276245,0.21465951800346375,593.9891544030227,593.9891544030227,0.07155317266782125
8.6199049949646,0.215497100353241,596.3810166030227,596.3810166030227,0.07183236678441367
8.653293371200562,0.2163317143917084,598.8867770030226,598.8867770030226,0.0721105714639028
8.687005996704102,0.21717438101768494,602.1898248030227,602.1898248030227,0.07239146033922832
8.722149848937988,0.21805317997932436,605.6067708030226,605.6067708030226,0.07268439332644146
8.753184795379639,0.21882917284965517,608.1125312030227,608.1125312030227,0.07294305761655172
8.786513328552246,0.21966218948364258,610.5043934030227,610.5043934030227,0.07322072982788086
8.820404767990112,0.22050974369049073,612.5545610030227,612.5545610030227,0.07350324789683024
8.853031396865845,0.22132530212402346,616.9965908030227,616.9965908030227,0.07377510070800782
8.886298656463623,0.2221570074558258,619.3884530030227,619.3884530030227,0.07405233581860861
8.919506311416626,0.22298721671104432,621.7803152030227,621.7803152030227,0.07432907223701478
8.95284128189087,0.2238204121589661,624.1721774030227,624.1721774030227,0.0746068040529887
8.986231803894043,0.22465527653694153,627.4752252030227,627.4752252030227,0.07488509217898051
9.019776821136475,0.22549347281455995,630.8921712030227,630.8921712030227,0.07516449093818665
9.052978038787842,0.22632387280464172,633.2840334030227,633.2840334030227,0.07544129093488057
9.08616304397583,0.22715354561805726,635.4480992030227,635.4480992030227,0.07571784853935241
9.119474649429321,0.22798611521720888,638.8650452030226,638.8650452030226,0.07599537173906963
9.15264344215393,0.22881567478179932,640.8013146030227,640.8013146030227,0.0762718915939331
9.185903310775757,0.2296471655368805,644.5599552030227,644.5599552030227,0.07654905517896017
9.219109058380127,0.23047734498977662,647.0657156030227,647.0657156030227,0.07682578166325887
9.252543210983276,0.23131296038627625,649.2297814030227,649.2297814030227,0.07710432012875874
9.285764217376709,0.23214370012283325,652.6467274030227,652.6467274030227,0.07738123337427776
9.31913161277771,0.23297784924507142,654.8107932030227,654.8107932030227,0.07765928308169047
9.352358102798462,0.23380842208862307,658.4555356030227,658.4555356030227,0.07793614069620769
9.38646388053894,0.23466036915779115,660.6196014030227,660.6196014030227,0.07822012305259705
9.419524669647217,0.2354875683784485,662.6697690030227,662.6697690030227,0.0784958561261495
9.452167987823486,0.23630376458168031,665.9728168030227,665.9728168030227,0.07876792152722677
9.48560881614685,0.23713981509208681,669.7314574030227,669.7314574030227,0.0790466050306956
9.518968105316162,0.23797364234924318,672.1233196030227,672.1233196030227,0.07932454744974772
9.55210280418396,0.23880211114883423,674.2873854030227,674.2873854030227,0.07960070371627807
9.58527684211731,0.2396315097808838,676.5653494030227,676.5653494030227,0.07987716992696127
9.618576049804688,0.24046388268470764,679.7544990030227,679.7544990030227,0.08015462756156921
9.65243148803711,0.24131012558937073,683.3992414030226,683.3992414030226,0.08043670852979025
9.685302495956421,0.24213210344314576,685.5633072030226,685.5633072030226,0.08071070114771525
9.719026565551758,0.24297515749931337,687.8412712030226,687.8412712030226,0.08099171916643778
9.75214672088623,0.2438029944896698,691.2582172030227,691.2582172030227,0.08126766482988994
9.78649353981018,0.24466183185577395,694.7890614030227,694.7890614030227,0.08155394395192465
9.81861686706543,0.24546492099761963,697.0670254030227,697.0670254030227,0.08182164033253987
9.852215766906738,0.24630487561225892,699.3449894030227,699.3449894030227,0.0821016252040863
9.885305404663086,0.24713215231895447,701.5090552030227,701.5090552030227,0.08237738410631816
9.91853141784668,0.24796286821365357,704.8121030030227,704.8121030030227,0.08265428940455119
9.951790809631348,0.24879433512687685,708.1151508030227,708.1151508030227,0.08293144504229229
9.985307693481445,0.24963215589523316,710.5070130030227,710.5070130030227,0.08321071863174438
10.018646001815796,0.2504655659198761,712.7849770030227,712.7849770030227,0.08348852197329204
10.05186676979065,0.2512961447238922,716.4297194030227,716.4297194030227,0.08376538157463075
10.08507776260376,0.2521264374256134,718.4798870030227,718.4798870030227,0.0840421458085378
10.118385076522827,0.2529590308666229,721.8968330030227,721.8968330030227,0.08431967695554098
10.15156865119934,0.2537887692451477,724.0608988030227,724.0608988030227,0.08459625641504924
10.185441493988037,0.25463553667068484,726.2249646030227,726.2249646030227,0.08487851222356162
10.218180656433105,0.2554539680480957,729.5280124030227,729.5280124030227,0.08515132268269858
10.251651048660278,0.2562905609607697,732.6032638030227,732.6032638030227,0.08543018698692323
10.28471851348877,0.2571174085140228,734.8812278030227,734.8812278030227,0.0857058028380076
10.318148136138916,0.25795260667800907,737.3869882030227,737.3869882030227,0.08598420222600302
10.351356267929077,0.2587831914424896,739.5510540030227,739.5510540030227,0.08626106381416321
10.384682655334473,0.25961635112762455,742.8541018030227,742.8541018030227,0.08653878370920819
10.419610500335693,0.26048943400382996,746.1571496030227,746.1571496030227,0.08682981133460999
10.451120138168335,0.2612774729728699,748.2073172030227,748.2073172030227,0.08709249099095663
10.484363794326782,0.2621084809303284,750.3713830030227,750.3713830030227,0.0873694936434428
10.519519329071045,0.2629874646663666,753.2188380030227,753.2188380030227,0.08766248822212219
10.550983905792236,0.2637741148471832,756.2940894030227,756.2940894030227,0.08792470494906107
10.584173202514648,0.2646036744117737,758.9137480030226,758.9137480030226,0.08820122480392456
10.617419719696045,0.2654346883296967,761.1917120030226,761.1917120030226,0.08847822944323223
10.650763988494873,0.2662683606147766,763.1279814030227,763.1279814030227,0.08875612020492553
10.683977365493774,0.2670988321304321,766.2032328030227,766.2032328030227,0.08903294404347738
10.717153787612915,0.26792832016944884,769.6201788030227,769.6201788030227,0.08930944005648295
10.750388383865356,0.26875928640365604,771.6703464030227,771.6703464030227,0.08958642880121868
10.783874750137329,0.26959524750709535,773.7205140030227,773.7205140030227,0.08986508250236512
10.817216157913208,0.2704298198223114,776.7957654030226,776.7957654030226,0.0901432732741038
10.850298404693604,0.27125697731971743,779.8710168030227,779.8710168030227,0.09041899243990581
10.884024620056152,0.2721001148223877,782.4906754030227,782.4906754030227,0.09070003827412924
10.918084621429443,0.27295159697532656,784.8825376030227,784.8825376030227,0.09098386565844219
10.951366662979126,0.2737833917140961,787.8438908030226,787.8438908030226,0.09126113057136537
10.983623743057251,0.2745900094509125,789.7801602030227,789.7801602030227,0.09153000315030417
11.016932010650635,0.2754227817058563,793.0832080030227,793.0832080030227,0.0918075939019521
11.050567388534546,0.2762633979320526,795.2472738030227,795.2472738030227,0.09208779931068421
11.083749294281006,0.27709323167800903,797.4113396030227,797.4113396030227,0.09236441055933635
11.11724066734314,0.27793026566505435,800.3726928030227,800.3726928030227,0.09264342188835145
11.150345087051392,0.27875806093215943,802.6506568030227,802.6506568030227,0.09291935364405314
11.186343431472778,0.2796578824520111,806.2953992030227,806.2953992030227,0.09321929415067037
11.216982126235962,0.2804240703582764,808.0038722030228,808.0038722030228,0.09347469011942545
11.250161170959473,0.28125346899032594,810.1679380030228,810.1679380030228,0.09375115633010865
11.28385305404663,0.2820951044559479,813.3570876030227,813.3570876030227,0.09403170148531596
11.316622495651245,0.2829151272773743,816.5462372030227,816.5462372030227,0.09430504242579142
11.350064039230347,0.2837511539459229,818.5964048030227,818.5964048030227,0.09458371798197429
11.383280754089355,0.28458145856857303,820.6465724030227,820.6465724030227,0.09486048618952435
11.419663667678833,0.2854908645153046,822.6967400030227,822.6967400030227,0.09516362150510153
11.452569723129272,0.28631370067596434,825.9997878030227,825.9997878030227,0.09543790022532145
11.486607551574707,0.28716458678245543,829.1889374030227,829.1889374030227,0.09572152892748514
11.518727540969849,0.28796767592430117,831.2391050030227,831.2391050030227,0.09598922530810039
11.551543474197388,0.2887880027294159,833.0614762030227,833.0614762030227,0.09626266757647196
11.584969520568848,0.2896236538887024,835.3394402030227,835.3394402030227,0.09654121796290081
11.616693258285522,0.2904168009757996,839.2119790030227,839.2119790030227,0.09680560032526653
11.65027928352356,0.29125624895095825,841.3760448030228,841.3760448030228,0.09708541631698608
11.683412790298462,0.2920847773551941,843.3123142030227,843.3123142030227,0.09736159245173137
11.716960906982422,0.2929234981536865,845.2485836030227,845.2485836030227,0.09764116605122884
11.749766826629639,0.2937433421611786,848.3238350030227,848.3238350030227,0.09791444738705952
11.783610820770264,0.29458949565887455,851.3990864030227,851.3990864030227,0.09819649855295819
11.81653642654419,0.2954125046730042,853.3353558030227,853.3353558030227,0.09847083489100139
11.849684238433838,0.2962415039539337,855.2716252030227,855.2716252030227,0.09874716798464457
11.882792472839355,0.2970690667629242,858.1190802030227,858.1190802030227,0.09902302225430808
11.918537139892578,0.2979625523090363,860.0553496030227,860.0553496030227,0.09932085076967877
11.951139211654663,0.29877791404724124,862.9028046030227,862.9028046030227,0.09959263801574708
11.982994318008423,0.2995743215084076,864.9529722030227,864.9529722030227,0.0998581071694692
12.016075372695923,0.3004013061523438,866.7753434030227,866.7753434030227,0.10013376871744793
12.049315690994263,0.3012323319911957,869.8505948030227,869.8505948030227,0.10041077733039856
12.082812309265137,0.3020697712898255,871.9007624030227,871.9007624030227,0.10068992376327517
12.115903615951538,0.30289706587791443,874.6343192030228,874.6343192030228,0.10096568862597148
12.149082660675049,0.30372648239135747,876.7983850030226,876.7983850030226,0.10124216079711916
12.182493209838867,0.30456167459487915,878.3929598030227,878.3929598030227,0.10152055819829305
12.215747833251953,0.30539315938949585,881.2404148030226,881.2404148030226,0.10179771979649861
12.249022245407104,0.3062244534492493,883.8600734030227,883.8600734030227,0.10207481781641643
12.282285451889038,0.30705667138099674,885.7963428030228,885.7963428030228,0.10235222379366558
12.315941095352173,0.3078976333141327,887.7326122030227,887.7326122030227,0.10263254443804425
12.348987340927124,0.30872416496276855,890.5800672030227,890.5800672030227,0.10290805498758952
12.382309675216675,0.30955682992935185,893.0858276030227,893.0858276030227,0.10318560997645061
12.419513940811157,0.31048544049263005,895.3637916030227,895.3637916030227,0.10349514683087668
12.450183153152466,0.3112540364265442,897.1861628030227,897.1861628030227,0.10375134547551473
12.482029914855957,0.3120502412319184,898.8946358030227,898.8946358030227,0.10401674707730613
12.515286207199097,0.3128817260265351,901.6281926030227,901.6281926030227,0.10429390867551169
12.548580646514893,0.31371404528617863,904.2478512030227,904.2478512030227,0.10457134842872622
12.581868410110474,0.3145461738109589,906.2980188030227,906.2980188030227,0.10484872460365297
12.615187883377075,0.31537920236587524,907.8925936030226,907.8925936030226,0.10512640078862508
12.648601293563843,0.31621389985084536,909.7149648030227,909.7149648030227,0.10540463328361512
12.681869268417358,0.31704598665237427,912.2207252030227,912.2207252030227,0.10568199555079143
12.714942216873169,0.3178730845451355,915.0681802030227,915.0681802030227,0.10595769484837851
12.74866271018982,0.31871584653854373,916.7766532030226,916.7766532030226,0.10623861551284791
12.781566858291626,0.3195386409759522,918.3712280030227,918.3712280030227,0.1065128803253174
12.814781427383423,0.32036911845207217,920.1935992030227,920.1935992030227,0.10678970615069072
12.848342418670654,0.32120788693428043,923.4966470030228,923.4966470030228,0.10706929564476014
12.881523132324219,0.3220374584197998,925.2051200030227,925.2051200030227,0.1073458194732666
12.914648056030273,0.322865754365921,926.9135930030227,926.9135930030227,0.10762191812197368
12.948059320449829,0.32370100617408754,928.2803714030227,928.2803714030227,0.10790033539136251
12.981306552886963,0.3245321333408356,930.7861318030227,930.7861318030227,0.10817737778027853
13.01468801498413,0.32536668181419376,933.1779940030228,933.1779940030228,0.10845556060473126
13.047977924346924,0.32619901895523074,934.6586706030228,934.6586706030228,0.10873300631841025
13.081366062164307,0.3270335018634796,936.2532454030228,936.2532454030228,0.10901116728782655
13.114548206329346,0.32786309719085693,938.4173112030228,938.4173112030228,0.10928769906361897
13.147964477539062,0.3286984443664551,940.0118860030228,940.0118860030228,0.10956614812215171
13.18131422996521,0.3295322120189667,942.2898500030228,942.2898500030228,0.1098440706729889
13.214441537857056,0.3303604900836945,943.6566284030229,943.6566284030229,0.1101201633612315
13.247618198394775,0.3311900317668915,944.6817122030228,944.6817122030228,0.1103966772556305
13.281083106994629,0.3320263922214508,946.7318798030228,946.7318798030228,0.11067546407381694
13.314290523529053,0.3328567206859589,948.3264546030229,948.3264546030229,0.11095224022865297
13.347545146942139,0.333688098192215,950.1488258030228,950.1488258030228,0.11122936606407167
13.38118600845337,0.3345290422439575,951.4017060030228,951.4017060030228,0.11150968074798584
13.414051294326782,0.33535078763961795,953.1101790030228,953.1101790030228,0.11178359587987265
13.447394371032715,0.3361844539642334,954.4769574030228,954.4769574030228,0.11206148465474447
13.480830669403076,0.3370200872421265,956.2993286030228,956.2993286030228,0.11234002908070884
13.514044761657715,0.3378506362438202,957.2105142030229,957.2105142030229,0.11261687874794007
13.547301292419434,0.33868205547332764,958.3494962030228,958.3494962030228,0.11289401849110921
13.580672264099121,0.3395162880420685,959.8301728030228,959.8301728030228,0.11317209601402284
13.613983392715454,0.3403490722179413,961.3108494030228,961.3108494030228,0.11344969073931377
13.647382736206055,0.34118402004241943,962.1081368030228,962.1081368030228,0.11372800668080647
13.680761814117432,0.342018473148346,962.9054242030228,962.9054242030228,0.11400615771611533
13.713766098022461,0.342843633890152,963.8166098030229,963.8166098030229,0.11428121129671732
13.747038125991821,0.34367549419403076,965.2972864030228,965.2972864030228,0.11455849806467693
13.780399322509766,0.34450956583023074,966.0945738030229,966.0945738030229,0.11483652194341025
13.814434289932251,0.3453603684902191,966.6640648030228,966.6640648030228,0.11512012283007304
13.846980333328247,0.34617293477058414,967.2335558030228,967.2335558030228,0.11539097825686138
13.880165576934814,0.34700361490249637,968.1447414030229,968.1447414030229,0.11566787163416546
13.913825035095215,0.34784476757049565,968.9420288030228,968.9420288030228,0.11594825585683188
13.946858644485474,0.34867101311683657,969.5115198030228,969.5115198030228,0.11622367103894553
13.980352878570557,0.349507886171341,969.8532144030228,969.8532144030228,0.11650262872378032
14.013468027114868,0.35033608675003053,970.1949090030228,970.1949090030228,0.11677869558334351
14.04683780670166,0.3511703908443451,970.7644000030228,970.7644000030228,0.11705679694811504
14.08046555519104,0.3520110905170441,970.9921964030228,970.9921964030228,0.11733703017234803
14.113484144210815,0.3528365194797516,971.4477892030228,971.4477892030228,0.11761217315991719
14.14671015739441,0.3536672294139862,971.6755856030228,971.6755856030228,0.11788907647132874
14.180064678192139,0.3545011103153229,971.7894838030228,971.7894838030228,0.1181670367717743
14.2133309841156,0.35533266663551333,972.1311784030228,972.1311784030228,0.11844422221183777
14.246538400650024,0.3561630189418793,972.3589748030228,972.3589748030228,0.11872100631395976
14.279837608337402,0.3569947719573975,972.2450766030228,972.2450766030228,0.1189982573191325
14.313220262527466,0.35782998204231264,972.3589748030228,972.3589748030228,0.11927666068077088
14.346528053283691,0.3586625099182129,972.3589748030228,972.3589748030228,0.11955416997273764
14.379665613174438,0.3594911217689514,972.4728730030228,972.4728730030228,0.1198303739229838
14.413147449493408,0.36032794713974003,972.2450766030228,972.2450766030228,0.12010931571324668
14.446390628814697,0.3611592948436737,972.1311784030228,972.1311784030228,0.1203864316145579
14.479605913162231,0.3619895458221436,972.3589748030228,972.3589748030228,0.12066318194071453
14.513112545013428,0.3628272533416748,972.3589748030228,972.3589748030228,0.12094241778055827
14.546340227127075,0.36365798115730286,972.3589748030228,972.3589748030228,0.12121932705243428
14.579499959945679,0.3644869029521942,972.0172802030228,972.0172802030228,0.12149563431739807
14.61269760131836,0.36531687378883365,971.6755856030228,971.6755856030228,0.12177229126294455
14.646058559417725,0.3661508083343506,971.7894838030228,971.7894838030228,0.12205026944478353
14.679277420043945,0.36698145866394044,971.5616874030228,971.5616874030228,0.12232715288798014
14.712489604949951,0.36781151890754704,971.4477892030228,971.4477892030228,0.12260383963584902
14.746031999588013,0.3686499357223511,971.4477892030228,971.4477892030228,0.12288331190745037
14.779189825057983,0.3694791615009308,970.9921964030228,970.9921964030228,0.12315972050031027
14.812440872192383,0.3703104615211487,970.9921964030228,970.9921964030228,0.12343682050704957
14.84560513496399,0.3711396932601929,970.8782982030228,970.8782982030228,0.12371323108673098
14.879182815551758,0.37197886109352113,970.4227054030229,970.4227054030229,0.12399295369784037
14.912446975708008,0.37281063199043274,970.1949090030228,970.1949090030228,0.12427021066347758
14.94567060470581,0.37364132404327394,970.1949090030228,970.1949090030228,0.12454710801442465
14.979035377502441,0.3744753897190094,969.9671126030228,969.9671126030228,0.12482512990633647
15.012264728546143,0.37530617713928227,969.6254180030228,969.6254180030228,0.12510205904642743
15.045928955078125,0.37614769339561466,969.3976216030228,969.3976216030228,0.12538256446520488
15.079219579696655,0.3769799590110779,969.0559270030228,969.0559270030228,0.12565998633702596
15.112386226654053,0.3778091430664063,968.4864360030228,968.4864360030228,0.12593638102213542
15.145994663238525,0.3786490142345429,968.3725378030229,968.3725378030229,0.12621633807818097
15.17894172668457,0.37947311997413635,968.3725378030229,968.3725378030229,0.12649103999137878
15.21214246749878,0.38030312657356263,968.1447414030229,968.1447414030229,0.1267677088578542
15.245535612106323,0.38113784193992617,967.5752504030228,967.5752504030228,0.12704594731330873
15.278753995895386,0.3819683969020844,967.2335558030228,967.2335558030228,0.12732279896736146
15.312265634536743,0.3828061103820801,966.8918612030228,966.8918612030228,0.1276020367940267
15.345698595046997,0.38364198207855227,966.5501666030228,966.5501666030228,0.12788066069285076
15.37882661819458,0.384470134973526,965.9806756030229,965.9806756030229,0.128156711657842
15.412187814712524,0.38530404567718507,965.5250828030228,965.5250828030228,0.12843468189239501
15.445708513259888,0.3861417412757874,965.5250828030228,965.5250828030228,0.12871391375859578
15.478646993637085,0.3869657099246979,965.0694900030228,965.0694900030228,0.1289885699748993
15.511956453323364,0.3877983093261719,964.7277954030228,964.7277954030228,0.12926610310872397
15.545349359512329,0.38863319158554077,964.4999990030228,964.4999990030228,0.12954439719518027
15.578576564788818,0.3894638240337372,963.8166098030229,963.8166098030229,0.1298212746779124
15.611871480941772,0.3902962923049927,963.4749152030228,963.4749152030228,0.13009876410166424
15.645096063613892,0.3911268472671509,962.9054242030228,962.9054242030228,0.13037561575571696
15.678398847579956,0.3919594407081604,962.2220350030228,962.2220350030228,0.13065314690272015
15.711751222610474,0.3927932739257813,962.2220350030228,962.2220350030228,0.13093109130859376
15.744927406311035,0.3936227262020111,961.7664422030228,961.7664422030228,0.13120757540067038
15.778182029724121,0.3944540858268738,961.1969512030228,961.1969512030228,0.1314846952756246
15.811420679092407,0.3952850103378296,961.1969512030228,961.1969512030228,0.13176167011260986
15.844801664352417,0.3961195945739746,960.5135620030228,960.5135620030228,0.13203986485799155
15.878159046173096,0.39695338010787967,959.8301728030228,959.8301728030228,0.13231779336929322
15.911717414855957,0.3977922677993775,959.2606818030229,959.2606818030229,0.13259742259979249
15.944672107696533,0.39861632585525514,958.6911908030228,958.6911908030228,0.1328721086184184
15.978158950805664,0.39945343732833866,958.0078016030228,958.0078016030228,0.1331511457761129
16.01122522354126,0.4002801597118378,958.0078016030228,958.0078016030228,0.13342671990394592
16.04457998275757,0.4011138379573822,957.4383106030228,957.4383106030228,0.13370461265246072
16.077804565429688,0.40194457173347475,956.8688196030228,956.8688196030228,0.13398152391115825
16.111121892929077,0.40277751684188845,956.6410232030228,956.6410232030228,0.13425917228062947
16.144594192504883,0.40361427664756777,955.6159394030228,955.6159394030228,0.13453809221585591
16.17806887626648,0.40445112586021426,955.0464484030229,955.0464484030229,0.13481704195340474
16.211560249328613,0.405287367105484,954.5908556030228,954.5908556030228,0.13509578903516134
16.24485182762146,0.4061204195022583,954.0213646030228,954.0213646030228,0.13537347316741943
16.277910232543945,0.4069472968578339,953.3379754030228,953.3379754030228,0.1356490989526113
16.311516284942627,0.40778743624687197,953.1101790030228,953.1101790030228,0.13592914541562398
16.344636917114258,0.4086153090000153,952.7684844030229,952.7684844030229,0.1362051030000051
16.377837419509888,0.4094453811645508,952.0850952030228,952.0850952030228,0.13648179372151695
16.41134214401245,0.4102826714515686,951.7434006030228,951.7434006030228,0.1367608904838562
16.44450330734253,0.4111120641231537,950.3766222030229,950.3766222030229,0.1370373547077179
16.477707862854004,0.41194215416908264,949.9210294030228,949.9210294030228,0.1373140513896942
16.511122465133667,0.41277751326560974,949.4654366030228,949.4654366030228,0.1375925044218699
16.544362783432007,0.41360865235328675,948.7820474030228,948.7820474030228,0.13786955078442892
16.577590227127075,0.41443926692008975,948.2125564030229,948.2125564030229,0.13814642230669658
16.61090588569641,0.4152718007564545,947.5291672030228,947.5291672030228,0.13842393358548483
16.644545555114746,0.41611307859420776,947.4152690030228,947.4152690030228,0.1387043595314026
16.67936134338379,0.41698347926139834,946.9596762030228,946.9596762030228,0.13899449308713277
16.710676193237305,0.4177664041519165,946.1623888030228,946.1623888030228,0.13925546805063885
16.745023250579834,0.4186251044273377,945.4789996030228,945.4789996030228,0.13954170147577924
16.77731227874756,0.4194322288036347,944.4539158030228,944.4539158030228,0.1398107429345449
16.810681581497192,0.42026641964912415,943.7705266030229,943.7705266030229,0.14008880654970804
16.84465193748474,0.421115791797638,943.4288320030228,943.4288320030228,0.14037193059921266
16.877027988433838,0.4219251453876496,942.8593410030228,942.8593410030228,0.14064171512921653
16.91076636314392,0.4227684736251831,942.2898500030228,942.2898500030228,0.1409228245417277
16.94387984275818,0.42359597086906436,941.7203590030228,941.7203590030228,0.14119865695635478
16.976886987686157,0.4244217157363892,941.0369698030228,941.0369698030228,0.14147390524546308
17.010111093521118,0.42525237798690796,940.1257842030228,940.1257842030228,0.14175079266230264
17.04354500770569,0.4260881304740906,939.5562932030228,939.5562932030228,0.14202937682469688
17.07693862915039,0.4269229590892792,938.5312094030228,938.5312094030228,0.14230765302975973
17.11017918586731,0.4277539670467377,937.8478202030228,937.8478202030228,0.1425846556822459
17.14351773262024,0.42858750820159913,937.6200238030228,937.6200238030228,0.1428625027338664
17.176833152770996,0.4294202923774719,936.8227364030228,936.8227364030228,0.14314009745915732
17.2100031375885,0.4302496492862702,936.0254490030228,936.0254490030228,0.14341654976209006
17.243293285369873,0.4310818374156952,935.3420598030228,935.3420598030228,0.14369394580523173
17.276708841323853,0.4319171726703644,934.5447724030228,934.5447724030228,0.14397239089012145
17.31021475791931,0.43275484442710876,934.0891796030228,934.0891796030228,0.14425161480903625
17.343294620513916,0.43358194231987,933.4057904030228,933.4057904030228,0.14452731410662334
17.376769065856934,0.4344187438488007,932.1529102030227,932.1529102030227,0.14480624794960023
17.41006374359131,0.4352506220340729,931.6973174030227,931.6973174030227,0.1450835406780243
17.445202112197876,0.4361287117004395,931.3556228030227,931.3556228030227,0.14537623723347984
17.4778470993042,0.43694566488265996,930.2166408030228,930.2166408030228,0.14564855496088666
17.50981569290161,0.43774493932724,929.6471498030227,929.6471498030227,0.14591497977574666
17.54485845565796,0.43862091898918154,928.9637606030227,928.9637606030227,0.14620697299639385
17.578749656677246,0.43946795463562016,928.1664732030227,928.1664732030227,0.1464893182118734
17.609795093536377,0.44024427533149724,927.8247786030227,927.8247786030227,0.14674809177716575
17.642971992492676,0.44107379317283635,927.0274912030227,927.0274912030227,0.14702459772427878
17.676295280456543,0.44190697073936464,926.1163056030227,926.1163056030227,0.1473023235797882
17.711370706558228,0.4427837669849396,925.7746110030228,925.7746110030228,0.14759458899497988
17.742823839187622,0.4435701310634613,924.9773236030227,924.9773236030227,0.1478567103544871
17.776106595993042,0.44440208077430726,924.6356290030227,924.6356290030227,0.1481340269247691
17.809393167495728,0.445234364271164,923.7244434030227,923.7244434030227,0.14841145475705467
17.84269070625305,0.4460667252540589,922.5854614030227,922.5854614030227,0.14868890841801963
17.87683415412903,0.4469203054904938,921.9020722030227,921.9020722030227,0.14897343516349792
17.911550998687744,0.447788280248642,921.3325812030228,921.3325812030228,0.14926276008288067
17.942629098892212,0.4485651016235352,920.4213956030227,920.4213956030227,0.1495217005411784
17.9770770072937,0.44942644834518436,919.9658028030227,919.9658028030227,0.14980881611506144
18.010220050811768,0.45025492906570436,919.2824136030227,919.2824136030227,0.1500849763552348
18.044154405593872,0.45110324621200565,918.4851262030227,918.4851262030227,0.15036774873733522
18.076080322265625,0.451901251077652,918.1434316030227,918.1434316030227,0.15063375035921733
18.109143018722534,0.4527280986309052,917.1183478030227,917.1183478030227,0.15090936621030174
18.144660234451294,0.45361542105674746,916.2071622030227,916.2071622030227,0.15120514035224916
18.1764919757843,0.4544117867946625,915.7515694030227,915.7515694030227,0.15147059559822082
18.20991849899292,0.4552466154098511,914.8403838030227,914.8403838030227,0.1517488718032837
18.243837594985962,0.4560951173305512,914.4986892030226,914.4986892030226,0.1520317057768504
18.277312755584717,0.45693221092224123,913.5875036030227,913.5875036030227,0.1523107369740804
18.311066389083862,0.4577761769294739,912.5624198030227,912.5624198030227,0.1525920589764913
18.342214345932007,0.45855484008789066,911.9929288030227,911.9929288030227,0.15285161336263023
18.37775683403015,0.45944340825080876,911.4234378030227,911.4234378030227,0.1531478027502696
18.410299062728882,0.46025679111480716,910.5122522030227,910.5122522030227,0.1534189303716024
18.4420645236969,0.4610508680343628,909.4871684030227,909.4871684030227,0.15368362267812094
18.475236654281616,0.4618804037570954,908.9176774030227,908.9176774030227,0.15396013458569846
18.508437395095825,0.46271030902862553,908.1203900030227,908.1203900030227,0.1542367696762085
18.54239845275879,0.4635581374168396,907.6647972030227,907.6647972030227,0.15451937913894653
18.57503390312195,0.46437532901763917,906.8675098030227,906.8675098030227,0.15479177633921307
18.6083505153656,0.4652081549167633,905.8424260030228,905.8424260030228,0.15506938497225445
18.643378496170044,0.46608392596244813,905.1590368030227,905.1590368030227,0.15536130865414938
18.675437450408936,0.4668854415416718,904.7034440030227,904.7034440030227,0.15562848051389058
18.70813536643982,0.4677028596401215,903.6783602030227,903.6783602030227,0.15590095321337383
18.741816997528076,0.4685448408126831,902.7671746030227,902.7671746030227,0.1561816136042277
18.775026082992554,0.46937493681907655,902.3115818030227,902.3115818030227,0.1564583122730255
18.808177709579468,0.4702039539813996,901.5142944030227,901.5142944030227,0.15673465132713318
18.843416690826416,0.47108495831489566,900.6031088030227,900.6031088030227,0.15702831943829856
18.875474214553833,0.47188628911972047,900.1475160030227,900.1475160030227,0.15729542970657348
18.908193826675415,0.47270435094833374,899.2363304030227,899.2363304030227,0.15756811698277792
18.941518545150757,0.4735375285148621,898.4390430030227,898.4390430030227,0.15784584283828737
18.974806785583496,0.47436970472335815,897.9834502030227,897.9834502030227,0.15812323490778604
19.0081307888031,0.4752027094364166,897.0722646030227,897.0722646030227,0.1584009031454722
19.041439294815063,0.47603538632392883,896.2749772030227,896.2749772030227,0.1586784621079763
19.074653148651123,0.4768659055233002,895.7054862030227,895.7054862030227,0.15895530184110007
19.110086679458618,0.47775103449821477,894.9081988030227,894.9081988030227,0.15925034483273826
19.141791582107544,0.4785440683364868,894.4526060030227,894.4526060030227,0.1595146894454956
19.17453932762146,0.47936294674873353,893.6553186030227,893.6553186030227,0.1597876489162445
19.20794177055359,0.48019805550575256,892.6302348030227,892.6302348030227,0.1600660185019175
19.241290807724,0.48103167414665227,891.8329474030227,891.8329474030227,0.1603438913822174
19.274385690689087,0.4818592369556427,891.3773546030227,891.3773546030227,0.1606197456518809
19.307767391204834,0.48269376754760746,890.4661690030227,890.4661690030227,0.16089792251586915
19.341073274612427,0.483526349067688,889.8966780030227,889.8966780030227,0.16117544968922934
19.3742618560791,0.48435609936714175,889.2132888030227,889.2132888030227,0.16145203312238057
19.407636404037476,0.48519036769866947,888.3021032030227,888.3021032030227,0.16173012256622316
19.440861225128174,0.48602111339569093,887.9604086030228,887.9604086030228,0.16200703779856365
19.47415518760681,0.4868534028530121,887.0492230030227,887.0492230030227,0.1622844676176707
19.507540464401245,0.48768793344497685,886.0241392030227,886.0241392030227,0.16256264448165894
19.54091715812683,0.4885224580764771,885.3407500030227,885.3407500030227,0.1628408193588257
19.57421040534973,0.4893546581268311,884.8851572030227,884.8851572030227,0.16311821937561036
19.607682466506958,0.4901915192604065,884.3156662030227,884.3156662030227,0.16339717308680216
19.640554904937744,0.49101343750953674,883.0627860030227,883.0627860030227,0.16367114583651224
19.67398190498352,0.4918488681316376,882.6071932030227,882.6071932030227,0.16394962271054586
19.707159996032715,0.4926784873008728,881.8099058030227,881.8099058030227,0.16422616243362428
19.740440368652344,0.4935104131698609,881.2404148030226,881.2404148030226,0.1645034710566203
19.77370548248291,0.4943420231342316,880.3292292030227,880.3292292030227,0.1647806743780772
19.806976556777954,0.49517389535903933,879.3041454030227,879.3041454030227,0.16505796511967977
19.840470790863037,0.4960111975669861,878.5068580030227,878.5068580030227,0.16533706585566202
19.873631715774536,0.4968401610851288,878.1651634030227,878.1651634030227,0.16561338702837627
19.907023191452026,0.4976749837398529,877.4817742030227,877.4817742030227,0.16589166124661764
19.944523572921753,0.4986120223999024,876.3427922030227,876.3427922030227,0.16620400746663413
19.975847721099854,0.4993956744670868,875.6594030030227,875.6594030030227,0.16646522482236228
20.007545948028564,0.5001881003379822,874.9760138030227,874.9760138030227,0.1667293667793274
20.041253089904785,0.5010306894779205,874.4065228030227,874.4065228030227,0.1670102298259735
20.074313402175903,0.501857203245163,873.7231336030227,873.7231336030227,0.16728573441505434
20.107174158096313,0.5026785850524903,872.4702534030228,872.4702534030228,0.1675595283508301
20.14013147354126,0.5035028576850892,871.7868642030227,871.7868642030227,0.16783428589502972
20.17354941368103,0.50433828830719,871.2173732030227,871.2173732030227,0.1681127627690633
20.206867456436157,0.5051710963249206,870.1922894030228,870.1922894030228,0.1683903654416402
20.240339756011963,0.5060075700283051,869.8505948030227,869.8505948030227,0.16866919000943503
20.27329730987549,0.5068319141864777,868.9394092030227,868.9394092030227,0.16894397139549255
20.30652117729187,0.5076626181602478,868.2560200030227,868.2560200030227,0.1692208727200826
20.339961528778076,0.5084984779357911,867.6865290030227,867.6865290030227,0.16949949264526368
20.37317991256714,0.5093289852142334,866.7753434030227,866.7753434030227,0.16977632840474446
20.40637445449829,0.5101589381694794,865.7502596030228,865.7502596030228,0.17005297938982647
20.439746141433716,0.5109930634498596,865.0668704030227,865.0668704030227,0.17033102114995322
20.473044633865356,0.5118256449699402,864.6112776030227,864.6112776030227,0.1706085483233134
20.506260871887207,0.5126560628414154,863.9278884030227,863.9278884030227,0.1708853542804718
20.539889097213745,0.513496470451355,863.2444992030227,863.2444992030227,0.17116549015045168
20.572938203811646,0.5143228590488435,862.4472118030227,862.4472118030227,0.17144095301628115
20.60629630088806,0.5151564955711365,861.6499244030227,861.6499244030227,0.1717188318570455
20.639272928237915,0.5159814119338989,861.0804334030227,861.0804334030227,0.1719938039779663
20.672722339630127,0.5168173432350159,860.2831460030227,860.2831460030227,0.1722724477450053
20.705976247787476,0.517648857831955,859.2580622030227,859.2580622030227,0.17254961927731835
20.73916745185852,0.5184786379337311,858.5746730030227,858.5746730030227,0.172826212644577
20.77252459526062,0.519312447309494,858.1190802030227,858.1190802030227,0.17310414910316466
20.805798768997192,0.5201443314552308,857.5495892030227,857.5495892030227,0.17338144381841025
20.839014768600464,0.5209747612476349,856.6384036030227,856.6384036030227,0.17365825374921162
20.87219738960266,0.5218043804168702,855.8411162030227,855.8411162030227,0.17393479347229004
20.905434370040894,0.5226353704929352,855.1577270030227,855.1577270030227,0.17421179016431174
20.939141988754272,0.523477441072464,854.7021342030228,854.7021342030228,0.174492480357488
20.972429275512695,0.5243087112903595,853.9048468030227,853.9048468030227,0.17476957043011984
21.005406141281128,0.5251344919204712,852.7658648030227,852.7658648030227,0.17504483064015708
21.038690328598022,0.5259666025638581,852.0824756030227,852.0824756030227,0.17532220085461936
21.07181978225708,0.526794970035553,851.6268828030227,851.6268828030227,0.17559832334518433
21.105393886566162,0.5276341617107392,850.7156972030227,850.7156972030227,0.17587805390357972
21.138554096221924,0.5284633815288544,849.8045116030227,849.8045116030227,0.17615446050961814
21.171984672546387,0.5292989552021027,849.0072242030227,849.0072242030227,0.17643298506736757
21.205204248428345,0.530129611492157,848.3238350030227,848.3238350030227,0.17670987049738565
21.23847794532776,0.5309614837169647,847.8682422030226,847.8682422030226,0.17698716123898825
21.271783351898193,0.5317941188812256,846.9570566030227,846.9570566030227,0.17726470629374189
21.305083990097046,0.5326264858245849,846.1597692030227,846.1597692030227,0.1775421619415283
21.338364124298096,0.5334585666656494,845.2485836030227,845.2485836030227,0.17781952222188313
21.371596097946167,0.5342893540859223,844.6790926030227,844.6790926030227,0.17809645136197408
21.404999017715454,0.5351243734359742,843.8818052030227,843.8818052030227,0.17837479114532473
21.43840217590332,0.5359593093395233,842.6289250030227,842.6289250030227,0.17865310311317442
21.471572637557983,0.5367886900901795,841.9455358030227,841.9455358030227,0.17892956336339316
21.50481653213501,0.5376199066638947,841.7177394030227,841.7177394030227,0.17920663555463157
21.538065671920776,0.538451200723648,841.0343502030227,841.0343502030227,0.17948373357454936
21.57149314880371,0.5392866551876069,840.1231646030227,840.1231646030227,0.17976221839586895
21.60456156730652,0.5401135802268983,839.2119790030227,839.2119790030227,0.18003786007563274
21.637929439544678,0.5409476220607757,838.4146916030227,838.4146916030227,0.1803158740202586
21.671111583709717,0.5417770862579346,837.6174042030227,837.6174042030227,0.1805923620859782
21.704378366470337,0.5426089048385621,836.8201168030228,836.8201168030228,0.18086963494618735
21.73762822151184,0.5434401571750641,835.6811348030227,835.6811348030227,0.1811467190583547
21.77104425430298,0.5442755103111268,835.2255420030227,835.2255420030227,0.18142517010370893
21.80431890487671,0.545107388496399,834.6560510030228,834.6560510030228,0.18170246283213298
21.8375403881073,0.5459378838539124,834.0865600030227,834.0865600030227,0.1819792946179708
21.870704889297485,0.5467670261859894,833.1753744030227,833.1753744030227,0.1822556753953298
21.9040048122406,0.5475995063781739,832.3780870030228,832.3780870030228,0.18253316879272463
21.93726944923401,0.5484310328960419,831.4669014030227,831.4669014030227,0.18281034429868062
21.970452547073364,0.5492608487606049,830.8974104030227,830.8974104030227,0.1830869495868683
22.0036838054657,0.5500915586948395,830.1001230030226,830.1001230030226,0.18336385289827983
22.036959409713745,0.5509233891963959,829.3028356030227,829.3028356030227,0.18364112973213198
22.070199489593506,0.5517543494701386,828.6194464030227,828.6194464030227,0.1839181164900462
22.103644132614136,0.552590525150299,827.9360572030228,827.9360572030228,0.18419684171676634
22.136919736862183,0.553422349691391,827.2526680030227,827.2526680030227,0.184474116563797
22.170187950134277,0.5542540907859802,826.4553806030227,826.4553806030227,0.18475136359532673
22.203444242477417,0.555085438489914,825.2025004030227,825.2025004030227,0.185028479496638
22.236732482910156,0.5559178054332733,824.5191112030227,824.5191112030227,0.18530593514442442
22.269904613494873,0.5567470788955688,824.1774166030227,824.1774166030227,0.1855823596318563
22.3034188747406,0.5575845658779145,823.4940274030228,823.4940274030228,0.18586152195930483
22.33683729171753,0.5584203898906708,822.5828418030227,822.5828418030227,0.18614012996355692
22.370115756988525,0.5592519283294678,821.7855544030227,821.7855544030227,0.18641730944315593
22.40326499938965,0.5600811243057251,820.9882670030227,820.9882670030227,0.18669370810190836
22.436877727508545,0.56092067360878,820.4187760030227,820.4187760030227,0.18697355786959333
22.469894886016846,0.5617467820644378,819.5075904030227,819.5075904030227,0.1872489273548126
22.503228425979614,0.5625798642635346,818.4825066030227,818.4825066030227,0.18752662142117818
22.536736249923706,0.5634167671203614,817.5713210030227,817.5713210030227,0.18780558904012046
22.570237398147583,0.5642547011375427,816.8879318030228,816.8879318030228,0.1880849003791809
22.60318922996521,0.5650790572166443,816.3184408030227,816.3184408030227,0.18835968573888143
22.637131452560425,0.565927654504776,815.6350516030227,815.6350516030227,0.188642551501592
22.669419288635254,0.5667344033718109,814.6099678030228,814.6099678030228,0.18891146779060364
22.702584743499756,0.5675640225410462,813.9265786030227,813.9265786030227,0.18918800751368206
22.73579430580139,0.5683942973613739,813.3570876030227,813.3570876030227,0.18946476578712465
22.76910090446472,0.569226861000061,812.6736984030227,812.6736984030227,0.18974228700002035
22.802752256393433,0.5700682818889619,811.4208182030227,811.4208182030227,0.19002276062965395
22.835700273513794,0.5708920061588287,810.2818362030227,810.2818362030227,0.19029733538627625
22.869039058685303,0.5717253386974335,809.8262434030227,809.8262434030227,0.1905751128991445
22.90239977836609,0.5725590646266937,809.3706506030227,809.3706506030227,0.19085302154223124
22.935550928115845,0.5733882546424866,808.5733632030227,808.5733632030227,0.19112941821416218
22.970630168914795,0.5742648482322693,807.4343812030227,807.4343812030227,0.1914216160774231
23.002176761627197,0.5750538885593415,806.5231956030227,806.5231956030227,0.1916846295197805
23.03535532951355,0.5758833706378937,806.0676028030227,806.0676028030227,0.1919611235459646
23.06855320930481,0.5767133593559265,805.3842136030227,805.3842136030227,0.1922377864519755
23.101921796798706,0.5775471091270447,804.3591298030227,804.3591298030227,0.19251570304234822
23.13517999649048,0.5783789813518524,803.1062496030227,803.1062496030227,0.1927929937839508
23.168442249298096,0.5792105376720429,802.6506568030227,802.6506568030227,0.1930701792240143
23.201765537261963,0.5800435841083527,802.3089622030227,802.3089622030227,0.1933478613694509
23.234957933425903,0.5808734357357025,801.2838784030228,801.2838784030228,0.1936244785785675
23.268345832824707,0.5817081570625305,800.3726928030227,800.3726928030227,0.19390271902084352
23.301902055740356,0.5825463354587556,799.4615072030227,799.4615072030227,0.1941821118195852
23.335095167160034,0.5833767533302308,798.8920162030226,798.8920162030226,0.1944589177767436
23.36836075782776,0.5842083275318146,798.4364234030227,798.4364234030227,0.19473610917727155
23.40157127380371,0.585038435459137,797.1835432030227,797.1835432030227,0.19501281181971233
23.43472671508789,0.5858673989772797,796.3862558030227,796.3862558030227,0.19528913299242656
23.468236446380615,0.586705493927002,795.8167648030227,795.8167648030227,0.19556849797566733
23.501374006271362,0.5875333428382874,795.1333756030227,795.1333756030227,0.19584444761276246
23.53483772277832,0.5883698701858521,793.9943936030227,793.9943936030227,0.1961232900619507
23.567781686782837,0.5891938626766206,793.0832080030227,793.0832080030227,0.19639795422554018
23.60107421875,0.5900252163410187,792.2859206030226,792.2859206030226,0.19667507211367288
23.634252071380615,0.5908554613590241,791.8303278030227,791.8303278030227,0.19695182045300805
23.667460203170776,0.5916859865188598,791.2608368030227,791.2608368030227,0.1972286621729533
23.702630043029785,0.5925652503967286,790.0079566030226,790.0079566030226,0.19752175013224285
23.73407554626465,0.5933512926101685,789.3245674030227,789.3245674030227,0.1977837642033895
23.767423152923584,0.5941850423812867,788.7550764030227,788.7550764030227,0.1980616807937622
23.800785303115845,0.5950190782546997,788.0716872030227,788.0716872030227,0.19833969275156657
23.834217071533203,0.5958548367023468,787.3882980030227,787.3882980030227,0.1986182789007823
23.868528842926025,0.596712589263916,786.0215196030227,786.0215196030227,0.19890419642130533
23.901906490325928,0.5975471675395966,785.1103340030227,785.1103340030227,0.19918238917986553
23.933863401412964,0.5983459293842316,784.5408430030227,784.5408430030227,0.1994486431280772
23.967170476913452,0.5991787493228913,783.6296574030227,783.6296574030227,0.1997262497742971
24.000650882720947,0.6000157237052918,782.6045736030227,782.6045736030227,0.20000524123509725
24.03402090072632,0.6008496880531311,781.9211844030227,781.9211844030227,0.2002832293510437
24.067378997802734,0.601684045791626,781.1238970030226,781.1238970030226,0.20056134859720867
24.100701332092285,0.6025169134140015,780.3266096030227,780.3266096030227,0.2008389711380005
24.134034395217896,0.6033502936363221,779.7571186030227,779.7571186030227,0.2011167645454407
24.16730570793152,0.604182094335556,778.3903402030227,778.3903402030227,0.20139403144518533
24.20040798187256,0.6050096690654755,777.4791546030227,777.4791546030227,0.20166988968849184
24.23369598388672,0.6058418989181519,776.7957654030226,776.7957654030226,0.20194729963938396
24.267091035842896,0.6066767871379852,776.1123762030227,776.1123762030227,0.20222559571266174
24.30042815208435,0.6075101494789124,775.2011906030227,775.2011906030227,0.20250338315963745
24.333576202392578,0.6083388924598694,774.4039032030227,774.4039032030227,0.20277963081995645
24.36700129508972,0.6091745853424073,773.4927176030227,773.4927176030227,0.20305819511413578
24.40123200416565,0.6100273668766022,772.9232266030227,772.9232266030227,0.20334245562553407
24.435562133789062,0.6108885109424591,772.1259392030227,772.1259392030227,0.20362950364748636
24.46668839454651,0.6116666495800018,770.9869572030227,770.9869572030227,0.20388888319333395
24.50332760810852,0.6125823616981507,769.8479752030227,769.8479752030227,0.20419412056605024
24.536765098571777,0.6134186565876008,769.1645860030227,769.1645860030227,0.20447288552920026
24.56696319580078,0.6141735017299652,768.4811968030227,768.4811968030227,0.20472450057665506
24.60019040107727,0.6150041639804841,767.4561130030227,767.4561130030227,0.20500138799349468
24.633514642715454,0.6158371865749359,766.5449274030227,766.5449274030227,0.2052790621916453
24.666968822479248,0.616673618555069,765.6337418030226,765.6337418030226,0.20555787285168967
24.70006275177002,0.6175009548664093,765.1781490030227,765.1781490030227,0.20583365162213643
24.73338007926941,0.6183339178562165,764.3808616030227,764.3808616030227,0.20611130595207217
24.76658844947815,0.6191640794277191,763.4696760030226,763.4696760030226,0.20638802647590637
24.800061225891113,0.6200008571147919,762.5584904030227,762.5584904030227,0.2066669523715973
24.833231210708618,0.6208301365375519,761.5334066030227,761.5334066030227,0.20694337884585065
24.867008447647095,0.6216745495796204,760.8500174030227,760.8500174030227,0.20722484985987347
24.900333881378174,0.622507780790329,760.0527300030227,760.0527300030227,0.20750259359677634
24.933770418167114,0.6233436048030854,759.0276462030226,759.0276462030226,0.20778120160102845
24.967254877090454,0.6241806089878082,757.8886642030227,757.8886642030227,0.20806020299593608
25.000831842422485,0.625019907951355,757.3191732030227,757.3191732030227,0.20833996931711832
25.03647232055664,0.6259112238883973,756.6357840030226,756.6357840030226,0.20863707462946576
25.067148685455322,0.6266781508922578,755.4968020030227,755.4968020030227,0.20889271696408593
25.100309371948242,0.6275072813034058,754.5856164030226,754.5856164030226,0.20916909376780193
25.133641004562378,0.6283405721187592,753.7883290030227,753.7883290030227,0.2094468573729197
25.16698455810547,0.6291741490364076,753.2188380030227,753.2188380030227,0.2097247163454692
25.20050072669983,0.6300119996070862,752.4215506030228,752.4215506030228,0.21000399986902873
25.233736991882324,0.6308429181575775,750.9408740030227,750.9408740030227,0.21028097271919252
25.26722550392151,0.631680053472519,750.0296884030226,750.0296884030226,0.210560017824173
25.300422191619873,0.6325100004673004,749.5740956030227,749.5740956030227,0.2108366668224335
25.33370590209961,0.6333421051502228,748.8907064030227,748.8907064030227,0.21111403505007428
25.367042779922485,0.6341755390167236,747.6378262030227,747.6378262030227,0.21139184633890787
25.40027689933777,0.6350064873695374,746.7266406030227,746.7266406030227,0.2116688291231791
25.43371057510376,0.6358422458171845,745.9293532030227,745.9293532030227,0.21194741527239483
25.46682620048523,0.6366702795028687,745.1320658030227,745.1320658030227,0.21222342650095624
25.500701427459717,0.6375169634819031,744.1069820030227,744.1069820030227,0.21250565449396772
25.534123182296753,0.6383525490760804,742.9680000030227,742.9680000030227,0.21278418302536015
25.56744623184204,0.6391855418682099,741.9429162030227,741.9429162030227,0.21306184728940328
25.600616693496704,0.6400148749351502,741.2595270030226,741.2595270030226,0.21333829164505005
25.63399863243103,0.6408493340015412,740.5761378030227,740.5761378030227,0.2136164446671804
25.66735076904297,0.6416828155517579,739.4371558030227,739.4371558030227,0.21389427185058596
25.700387954711914,0.6425091564655304,738.6398684030227,738.6398684030227,0.21416971882184346
25.734254121780396,0.6433558881282807,737.5008864030227,737.5008864030227,0.2144519627094269
25.76765465736389,0.6441908299922944,736.8174972030226,736.8174972030226,0.21473027666409814
25.80245065689087,0.6450582087039948,735.9063116030227,735.9063116030227,0.2150194029013316
25.834808349609375,0.645869779586792,734.4256350030226,734.4256350030226,0.21528992652893067
25.868189096450806,0.6467041432857514,733.6283476030227,733.6283476030227,0.21556804776191715
25.90148138999939,0.647536426782608,732.8310602030227,732.8310602030227,0.21584547559420267
25.93465256690979,0.6483658850193024,731.9198746030227,731.9198746030227,0.2161219616731008
25.967960357666016,0.6491986453533173,731.2364854030227,731.2364854030227,0.21639954845110576
26.00127100944519,0.6500312983989716,730.0975034030226,730.0975034030226,0.21667709946632385
26.034626007080078,0.6508652031421662,729.3002160030227,729.3002160030227,0.2169550677140554
26.06789803504944,0.6516969740390778,728.7307250030227,728.7307250030227,0.21723232467969258
26.101320028305054,0.6525324165821076,727.8195394030226,727.8195394030226,0.2175108055273692
26.134846210479736,0.6533705413341523,726.6805574030227,726.6805574030227,0.21779018044471743
26.168473482131958,0.6542113542556763,725.4276772030227,725.4276772030227,0.21807045141855877
26.201852798461914,0.6550459146499634,724.5164916030227,724.5164916030227,0.21834863821665448
26.235005140304565,0.655874639749527,723.8331024030227,723.8331024030227,0.218624879916509
26.269060611724854,0.6567259669303894,723.0358150030227,723.0358150030227,0.21890865564346315
26.302592992782593,0.6575636982917786,721.7829348030227,721.7829348030227,0.2191878994305929
26.33566451072693,0.6583911538124085,720.7578510030227,720.7578510030227,0.21946371793746952
26.369000673294067,0.6592244684696198,719.9605636030227,719.9605636030227,0.21974148948987327
26.40241503715515,0.6600598275661469,719.1632762030227,719.1632762030227,0.22001994252204896
26.435606718063354,0.6608896434307099,718.2520906030227,718.2520906030227,0.22029654781023664
26.46895432472229,0.6617232143878937,717.1131086030227,717.1131086030227,0.22057440479596457
26.502200841903687,0.6625545203685761,716.3158212030227,716.3158212030227,0.22085150678952536
26.535598754882812,0.6633894741535187,715.6324320030227,715.6324320030227,0.22112982471783957
26.568882942199707,0.6642215490341187,714.8351446030227,714.8351446030227,0.22140718301137288
26.602120876312256,0.6650519013404846,713.4683662030227,713.4683662030227,0.2216839671134949
26.63560438156128,0.6658894777297975,712.1015878030227,712.1015878030227,0.22196315924326582
26.668756246566772,0.6667183458805085,711.1904022030227,711.1904022030227,0.22223944862683617
26.70203185081482,0.6675503432750702,710.6209112030227,710.6209112030227,0.22251678109169007
26.73549175262451,0.6683867514133454,709.3680310030227,709.3680310030227,0.22279558380444844
26.769290447235107,0.6692318141460419,708.0012526030227,708.0012526030227,0.22307727138201397
26.802518129348755,0.6700625181198121,707.0900670030227,707.0900670030227,0.22335417270660404
26.83580446243286,0.6708945751190186,706.4066778030227,706.4066778030227,0.22363152503967287
26.869253635406494,0.6717308402061463,705.1537976030227,705.1537976030227,0.2239102800687154
26.902406454086304,0.6725596249103547,704.2426120030227,704.2426120030227,0.2241865416367849
26.935924530029297,0.6733975410461426,702.9897318030227,702.9897318030227,0.22446584701538086
26.969318628311157,0.6742320775985718,702.1924444030227,702.1924444030227,0.2247440258661906
27.00231957435608,0.6750575482845307,701.6229534030227,701.6229534030227,0.22501918276151023
27.035717248916626,0.6758924245834351,700.4839714030227,700.4839714030227,0.22529747486114504
27.068890810012817,0.6767218470573426,699.4588876030227,699.4588876030227,0.2255739490191142
27.102264642715454,0.6775560557842255,697.9782110030227,697.9782110030227,0.22585201859474183
27.1362202167511,0.678404974937439,697.1809236030227,697.1809236030227,0.226134991645813
27.169424533843994,0.6792351961135865,696.2697380030227,696.2697380030227,0.22641173203786216
27.202787160873413,0.6800690233707428,695.1307560030227,695.1307560030227,0.22668967445691426
27.23684811592102,0.6809204518795013,693.5361812030227,693.5361812030227,0.22697348395983377
27.270092964172363,0.6817517697811127,692.7388938030227,692.7388938030227,0.2272505899270376
27.303351163864136,0.682583224773407,692.0555046030227,692.0555046030227,0.22752774159113567
27.336824417114258,0.683420079946518,690.8026244030227,690.8026244030227,0.227806693315506
27.369868755340576,0.6842462956905365,689.5497442030227,689.5497442030227,0.22808209856351216
27.40316677093506,0.6850786745548249,688.7524568030227,688.7524568030227,0.2283595581849416
27.436564445495605,0.6859129488468171,687.8412712030226,687.8412712030226,0.2286376496156057
27.46984076499939,0.6867455542087555,686.9300856030227,686.9300856030227,0.22891518473625183
27.50315570831299,0.6875782787799836,685.6772054030226,685.6772054030226,0.22919275959332785
27.536491870880127,0.6884117364883423,684.4243252030227,684.4243252030227,0.22947057882944744
27.57006859779358,0.6892509937286377,683.3992414030226,683.3992414030226,0.22975033124287925
27.60317349433899,0.6900788605213166,682.6019540030227,682.6019540030227,0.23002628684043888
27.63649296760559,0.6909116744995117,681.5768702030227,681.5768702030227,0.23030389149983724
27.66989541053772,0.6917468190193177,680.3239900030227,680.3239900030227,0.23058227300643921
27.703070878982544,0.6925762414932252,678.9572116030226,678.9572116030226,0.23085874716440838
27.737155199050903,0.6934282720088959,678.0460260030227,678.0460260030227,0.23114275733629863
27.770477771759033,0.6942613542079926,677.2487386030227,677.2487386030227,0.2314204514026642
27.80384635925293,0.6950952410697937,675.8819602030227,675.8819602030227,0.23169841368993124
27.837761402130127,0.6959433794021607,674.4012836030226,674.4012836030226,0.2319811264673869
27.87101149559021,0.6967747747898102,673.4900980030227,673.4900980030227,0.23225825826327007
27.90441870689392,0.6976098716259003,672.5789124030227,672.5789124030227,0.23253662387530008
27.93757176399231,0.6984387755393983,671.2121340030227,671.2121340030227,0.23281292517979943
27.970808744430542,0.6992698788642884,670.4148466030227,670.4148466030227,0.23308995962142945
28.00424551963806,0.7001056551933289,668.9341700030227,668.9341700030227,0.23336855173110962
28.03749704360962,0.7009369015693665,667.7951880030226,667.7951880030226,0.2336456338564555
28.070821285247803,0.7017699956893921,666.9979006030227,666.9979006030227,0.23392333189646405
28.104033946990967,0.7026003658771516,665.7450204030226,665.7450204030226,0.23420012195905052
28.137390851974487,0.7034342885017395,664.7199366030227,664.7199366030227,0.2344780961672465
28.170818328857422,0.7042698919773103,663.3531582030226,663.3531582030226,0.23475663065910343
28.204784870147705,0.7051191210746766,662.3280744030227,662.3280744030227,0.23503970702489219
28.238063097000122,0.7059509038925171,661.4168888030227,661.4168888030227,0.23531696796417237
28.271382331848145,0.7067840516567231,660.0501104030227,660.0501104030227,0.23559468388557436
28.304826736450195,0.7076200842857361,658.6833320030227,658.6833320030227,0.2358733614285787
28.337923765182495,0.708447539806366,657.5443500030227,657.5443500030227,0.23614917993545534
28.371375799179077,0.7092837989330292,656.5192662030227,656.5192662030227,0.2364279329776764
28.40450954437256,0.7101122319698334,655.4941824030227,655.4941824030227,0.2367040773232778
28.438573598861694,0.7109637379646302,653.5579130030227,653.5579130030227,0.23698791265487673
28.471939086914062,0.711797970533371,652.5328292030227,652.5328292030227,0.23726599017779035
28.50519347190857,0.7126292824745178,651.3938472030227,651.3938472030227,0.23754309415817262
28.53857970237732,0.7134638726711273,650.5965598030227,650.5965598030227,0.23782129089037576
28.571813344955444,0.7142947673797608,649.1158832030227,649.1158832030227,0.2380982557932536
28.60512089729309,0.7151275157928467,647.5213084030227,647.5213084030227,0.23837583859761557
28.6384117603302,0.715959644317627,646.3823264030227,646.3823264030227,0.23865321477254234
28.671644687652588,0.7167905271053314,645.4711408030226,645.4711408030226,0.23893017570177713
28.704922914505005,0.7176225185394287,644.3321588030227,644.3321588030227,0.23920750617980957
28.738362312316895,0.7184585452079774,642.9653804030227,642.9653804030227,0.23948618173599245
28.771544933319092,0.7192880928516389,641.0291110030226,641.0291110030226,0.23976269761721294
28.805662155151367,0.7201409399509431,639.8901290030227,639.8901290030227,0.24004697998364768
28.83896040916443,0.7209734916687012,638.8650452030226,638.8650452030226,0.2403244972229004
28.872246742248535,0.721805626153946,637.6121650030227,637.6121650030227,0.24060187538464864
28.9075288772583,0.722687703371048,636.0175902030227,636.0175902030227,0.24089590112368267
28.939547061920166,0.7234882354736328,635.2203028030227,635.2203028030227,0.2411627451578776
28.97281265258789,0.7243197739124299,633.9674226030227,633.9674226030227,0.24143992463747663
29.006049633026123,0.7251507103443147,632.2589496030226,632.2589496030226,0.2417169034481049
29.041874885559082,0.7260462760925294,631.3477640030227,631.3477640030227,0.24201542536417645
29.073500156402588,0.7268367648124695,629.5253928030227,629.5253928030227,0.2422789216041565
29.108057260513306,0.7277009069919587,628.3864108030227,628.3864108030227,0.24256696899731955
29.142077445983887,0.728551334142685,627.3613270030227,627.3613270030227,0.24285044471422834
29.173392295837402,0.729334181547165,625.5389558030226,625.5389558030226,0.243111393849055
29.20683455467224,0.7301702797412872,624.5138720030227,624.5138720030227,0.24339009324709573
29.24082636833191,0.7310202062129975,622.9192972030227,622.9192972030227,0.24367340207099916
29.274775981903076,0.731868851184845,621.7803152030227,621.7803152030227,0.24395628372828168
29.3079035282135,0.7326970934867859,620.6413332030227,620.6413332030227,0.2442323644955953
29.340696811676025,0.7335169613361359,618.9328602030226,618.9328602030226,0.24450565377871195
29.37405800819397,0.7343509256839753,616.8826926030226,616.8826926030226,0.24478364189465843
29.407236576080322,0.7351804673671722,615.6298124030227,615.6298124030227,0.2450601557890574
29.440519094467163,0.7360124349594117,614.3769322030226,614.3769322030226,0.2453374783198039
29.474302768707275,0.7368568539619447,612.2128664030226,612.2128664030226,0.24561895132064823
29.507681369781494,0.7376914262771607,610.6182916030227,610.6182916030227,0.2458971420923869
29.541014909744263,0.7385249257087708,609.0237168030227,609.0237168030227,0.24617497523625695
29.574344158172607,0.739358001947403,607.4291420030227,607.4291420030227,0.24645266731580098
29.607664585113525,0.7401910126209259,606.2901600030227,606.2901600030227,0.24673033754030863
29.640899181365967,0.7410218358039856,603.1010104030227,603.1010104030227,0.24700727860132854
29.67416262626648,0.7418535053730011,601.5064356030227,601.5064356030227,0.24728450179100037
29.70760440826416,0.7426894426345826,599.6840644030227,599.6840644030227,0.24756314754486086
29.74099612236023,0.7435244083404542,597.4061004030227,597.4061004030227,0.24784146944681806
29.774215698242188,0.7443541288375854,592.3945796030226,592.3945796030226,0.24811804294586182
29.807271718978882,0.7451811194419862,587.2691606030227,587.2691606030227,0.24839370648066206
29.840630531311035,0.7460152804851532,584.0800110030227,584.0800110030227,0.24867176016171774
29.874125719070435,0.7468526244163514,580.8908614030227,580.8908614030227,0.24895087480545045
29.907501697540283,0.747686666250229,577.8156100030227,577.8156100030227,0.24922888875007632
29.942778825759888,0.7485689580440522,570.9817180030227,570.9817180030227,0.24952298601468406
29.974266052246094,0.7493560373783112,559.8196944030227,559.8196944030227,0.24978534579277042
30.009464025497437,0.7502358198165894,549.4549582030227,549.4549582030227,0.2500786066055298
30.042907238006592,0.7510721266269684,538.8624256030226,538.8624256030226,0.2503573755423228
30.074188470840454,0.7518541693687439,258.55895540302265,258.55895540302265,0.25061805645624796
30.109891414642334,0.7527466893196106,0.01004140302267593,0.01004140302267593,0.2509155631065369
30.141222715377808,0.7535299360752106,0.01004140302267593,0.01004140302267593,0.2511766453584035
30.174339294433594,0.7543579459190369,0.01004140302267593,0.01004140302267593,0.251452648639679
30.207743883132935,0.755193042755127,0.01004140302267593,0.01004140302267593,0.251731014251709
30.241178512573242,0.7560287714004517,0.23783780302267593,0.23783780302267593,0.2520095904668172
30.274460077285767,0.7568603038787842,0.12393960302267594,0.12393960302267594,0.25228676795959476
30.308196306228638,0.7577043235301972,0.12393960302267594,0.12393960302267594,0.25256810784339906
30.341551065444946,0.7585382997989655,0.12393960302267594,0.12393960302267594,0.2528460999329885
30.374852895736694,0.7593707382678986,0.12393960302267594,0.12393960302267594,0.25312357942263286
30.408167362213135,0.7602036058902741,0.12393960302267594,0.12393960302267594,0.2534012019634247
30.441518306732178,0.7610375404357911,0.12393960302267594,0.12393960302267594,0.2536791801452637
30.47518539428711,0.7618787705898286,0.01004140302267593,0.01004140302267593,0.2539595901966095
30.508198261260986,0.7627044439315797,0.01004140302267593,0.01004140302267593,0.2542348146438599
30.54140877723694,0.7635346710681916,0.35173600302267594,0.35173600302267594,0.25451155702273054
30.574676752090454,0.764366352558136,0.12393960302267594,0.12393960302267594,0.25478878418604534
30.608124256134033,0.765202009677887,0.12393960302267594,0.12393960302267594,0.25506733655929564
30.641422271728516,0.7660349786281586,0.12393960302267594,0.12393960302267594,0.2553449928760529
30.67470145225525,0.7668668568134308,0.12393960302267594,0.12393960302267594,0.2556222856044769
30.70801019668579,0.7676997065544129,0.12393960302267594,0.12393960302267594,0.2558999021848043
30.74137020111084,0.7685335576534271,0.23783780302267593,0.23783780302267593,0.2561778525511424
30.774540662765503,0.7693629026412965,0.12393960302267594,0.12393960302267594,0.25645430088043214
30.807982206344604,0.7701989948749542,0.01004140302267593,0.01004140302267593,0.2567329982916514
30.841159105300903,0.7710284233093262,0.23783780302267593,0.23783780302267593,0.25700947443644206
30.87655544281006,0.7719133913516999,0.12393960302267594,0.12393960302267594,0.2573044637839
30.909976720809937,0.772748738527298,0.12393960302267594,0.12393960302267594,0.2575829128424327
30.940983057022095,0.7735240280628205,0.23783780302267593,0.23783780302267593,0.25784134268760683
30.9741473197937,0.7743531286716462,0.23783780302267593,0.23783780302267593,0.2581177095572154
31.00753378868103,0.7751878559589387,0.12393960302267594,0.12393960302267594,0.2583959519863129
31.040910482406616,0.7760222136974335,0.12393960302267594,0.12393960302267594,0.2586740712324778
31.07671546936035,0.7769173622131348,0.12393960302267594,0.12393960302267594,0.2589724540710449
